<eagle version="6.4"><drawing><settings><setting alwaysvectorfont="no" verticaltext="up"/></settings><grid altunit="inch" altunitdist="inch" altdistance="0.025" display="no" multiple="1" style="lines" unit="inch" unitdist="inch" distance="0.05"/><layers><layer active="yes" visible="yes" fill="1" color="1" name="Reference" number="49"/><layer active="yes" visible="yes" fill="1" color="6" name="tPlace" number="25"/><layer active="yes" visible="yes" fill="1" color="2" name="tDocu" number="21"/><layer active="yes" visible="yes" fill="1" color="2" name="tCream" number="31"/><layer active="yes" visible="yes" fill="1" color="4" name="TOP" number="1"/><layer active="yes" visible="yes" fill="1" color="15" name="tStop" number="29"/><layer active="yes" visible="yes" fill="1" color="1" name="BOTTOM" number="16"/><layer active="yes" visible="yes" fill="1" color="7" name="bStop" number="30"/><layer active="yes" visible="yes" fill="1" color="7" name="bCream" number="32"/><layer active="yes" visible="yes" fill="1" color="3" name="bDocu" number="22"/><layer active="yes" visible="yes" fill="1" color="3" name="bPlace" number="26"/><layer active="yes" visible="yes" fill="1" color="5" name="Holes" number="45"/><layer active="yes" visible="yes" fill="1" color="5" name="Info" number="97"/><layer active="yes" visible="yes" fill="1" color="5" name="Guide" number="98"/><layer active="yes" visible="yes" fill="1" color="4" name="tValues" number="27"/><layer active="yes" visible="yes" fill="1" color="4" name="bValues" number="28"/><layer active="yes" visible="yes" fill="1" color="4" name="INTERNAL1" number="2"/><layer active="yes" visible="yes" fill="1" color="6" name="INTERNAL2" number="3"/><layer active="yes" visible="yes" fill="1" color="5" name="INTERNAL3" number="4"/><layer active="yes" visible="yes" fill="1" color="5" name="INTERNAL4" number="5"/><layer active="yes" visible="yes" fill="1" color="1" name="INTERNAL5" number="6"/><layer active="yes" visible="yes" fill="1" color="1" name="INTERNAL6" number="7"/><layer active="yes" visible="yes" fill="1" color="1" name="INTERNAL7" number="8"/><layer active="yes" visible="yes" fill="1" color="1" name="INTERNAL8" number="9"/><layer active="yes" visible="yes" fill="1" color="2" name="Values" number="96"/><layer active="yes" visible="yes" fill="1" color="1" name="FAB" number="49"/><layer active="yes" visible="yes" fill="1" color="1" name="ASSEMBLY_DETAIL" number="49"/><layer active="yes" visible="yes" fill="1" color="1" name="BOARD_OUTLINE" number="49"/><layer active="yes" visible="yes" fill="1" color="1" name="CopyRight" number="49"/><layer active="yes" visible="yes" fill="1" color="1" name="BRDOUT" number="20"/><layer active="yes" visible="yes" fill="1" color="1" name="NOTES" number="48"/><layer active="yes" visible="yes" fill="1" color="1" name="ASSYNOTES" number="21"/><layer active="yes" visible="yes" fill="1" color="1" name="STACKUP" number="46"/></layers><board><plain><wire layer="49" width="0.0254" y2="86.36" x2="25.4" y1="25.4" x1="25.4"/><wire layer="49" width="0.1016" y2="86.36" x2="25.4" y1="25.4" x1="25.4"/><wire layer="49" width="0.0254" y2="86.36" x2="76.2" y1="86.36" x1="25.4"/><wire layer="49" width="0.1016" y2="86.36" x2="76.2" y1="86.36" x1="25.4"/><wire layer="49" width="0.0254" y2="25.4" x2="76.2" y1="86.36" x1="76.2"/><wire layer="49" width="0.1016" y2="25.4" x2="76.2" y1="86.36" x1="76.2"/><wire layer="49" width="0.0254" y2="25.4" x2="25.4" y1="25.4" x1="76.2"/><wire layer="49" width="0.1016" y2="25.4" x2="25.4" y1="25.4" x1="76.2"/></plain><libraries><library name="ultra-librarian"><packages><package name="0603"><smd layer="1" dx="0.6604" dy="0.9652" y="0" x="-0.6985" name="1"/><smd layer="1" dx="0.6604" dy="0.9652" y="0" x="0.6985" name="2"/><wire layer="25" width="0" y2="0.4826" x2="-0.3683" y1="-0.4826" x1="-0.3683"/><wire layer="25" width="0" y2="0.4826" x2="-0.8763" y1="0.4826" x1="-0.3683"/><wire layer="25" width="0" y2="-0.4826" x2="-0.8763" y1="0.4826" x1="-0.8763"/><wire layer="25" width="0" y2="-0.4826" x2="-0.3683" y1="-0.4826" x1="-0.8763"/><wire layer="25" width="0" y2="-0.4826" x2="0.3683" y1="0.4826" x1="0.3683"/><wire layer="25" width="0" y2="-0.4826" x2="0.8763" y1="-0.4826" x1="0.3683"/><wire layer="25" width="0" y2="0.4826" x2="0.8763" y1="-0.4826" x1="0.8763"/><wire layer="25" width="0" y2="0.4826" x2="0.3683" y1="0.4826" x1="0.8763"/><wire layer="25" width="0" y2="-0.4826" x2="0.8763" y1="-0.4826" x1="-0.8763"/><wire layer="25" width="0" y2="0.4826" x2="0.8763" y1="-0.4826" x1="0.8763"/><wire layer="25" width="0" y2="0.4826" x2="-0.8763" y1="0.4826" x1="0.8763"/><wire layer="25" width="0" y2="-0.4826" x2="-0.8763" y1="0.4826" x1="-0.8763"/></package><package name="0805"><smd layer="1" dx="1.1176" dy="1.4478" y="0" x="-0.9017" name="1"/><smd layer="1" dx="1.1176" dy="1.4478" y="0" x="0.9017" name="2"/><wire layer="25" width="0" y2="0.7239" x2="-0.3429" y1="-0.7239" x1="-0.3429"/><wire layer="25" width="0" y2="0.7239" x2="-1.1049" y1="0.7239" x1="-0.3429"/><wire layer="25" width="0" y2="-0.7239" x2="-1.1049" y1="0.7239" x1="-1.1049"/><wire layer="25" width="0" y2="-0.7239" x2="-0.3429" y1="-0.7239" x1="-1.1049"/><wire layer="25" width="0" y2="-0.7239" x2="0.3429" y1="0.7239" x1="0.3429"/><wire layer="25" width="0" y2="-0.7239" x2="1.1049" y1="-0.7239" x1="0.3429"/><wire layer="25" width="0" y2="0.7239" x2="1.1049" y1="-0.7239" x1="1.1049"/><wire layer="25" width="0" y2="0.7239" x2="0.3429" y1="0.7239" x1="1.1049"/><wire layer="25" width="0" y2="-0.7239" x2="1.1049" y1="-0.7239" x1="-1.1049"/><wire layer="25" width="0" y2="0.7239" x2="1.1049" y1="-0.7239" x1="1.1049"/><wire layer="25" width="0" y2="0.7239" x2="-1.1049" y1="0.7239" x1="1.1049"/><wire layer="25" width="0" y2="-0.7239" x2="-1.1049" y1="0.7239" x1="-1.1049"/></package><package name="TP-1502"><pad shape="round" drill="0.8128" y="0" x="0" name="1"/></package><package name="SDR1006"><smd layer="1" dx="3.6068" dy="10.0076" y="0" x="-3.2004" name="1"/><smd layer="1" dx="3.6068" dy="10.0076" y="0" x="3.2004" name="2"/><wire layer="21" width="0.1524" y2="4.9022" x2="1.0643" y1="4.9022" x1="-1.0643"/><wire layer="21" width="0.1524" y2="-4.9022" x2="-1.0643" y1="-4.9022" x1="1.0643"/><wire layer="25" width="0" y2="4.9022" x2="4.9022" y1="4.9022" x1="-4.9022"/><wire layer="25" width="0" y2="4.9022" x2="4.9022" y1="4.9022" x1="4.9022"/><wire layer="25" width="0" y2="-4.9022" x2="4.9022" y1="4.9022" x1="4.9022"/><wire layer="25" width="0" y2="-4.9022" x2="4.9022" y1="-4.9022" x1="4.9022"/><wire layer="25" width="0" y2="-4.9022" x2="-4.9022" y1="-4.9022" x1="4.9022"/><wire layer="25" width="0" y2="-4.9022" x2="-4.9022" y1="-4.9022" x1="-4.9022"/><wire layer="25" width="0" y2="4.9022" x2="-4.9022" y1="-4.9022" x1="-4.9022"/><wire layer="25" width="0" y2="4.9022" x2="-4.9022" y1="4.9022" x1="-4.9022"/></package><package name="0201"><smd layer="1" dx="0.3556" dy="0.3302" y="0" x="-0.2921" name="1"/><smd layer="1" dx="0.3556" dy="0.3302" y="0" x="0.2921" name="2"/><wire layer="25" width="0" y2="0.1651" x2="-0.1143" y1="-0.1651" x1="-0.1143"/><wire layer="25" width="0" y2="0.1651" x2="-0.3175" y1="0.1651" x1="-0.1143"/><wire layer="25" width="0" y2="-0.1651" x2="-0.3175" y1="0.1651" x1="-0.3175"/><wire layer="25" width="0" y2="-0.1651" x2="-0.1143" y1="-0.1651" x1="-0.3175"/><wire layer="25" width="0" y2="-0.1651" x2="0.1143" y1="0.1651" x1="0.1143"/><wire layer="25" width="0" y2="-0.1651" x2="0.3175" y1="-0.1651" x1="0.1143"/><wire layer="25" width="0" y2="0.1651" x2="0.3175" y1="-0.1651" x1="0.3175"/><wire layer="25" width="0" y2="0.1651" x2="0.1143" y1="0.1651" x1="0.3175"/><wire layer="25" width="0" y2="-0.1651" x2="0.3175" y1="-0.1651" x1="-0.3175"/><wire layer="25" width="0" y2="0.1651" x2="0.3175" y1="-0.1651" x1="0.3175"/><wire layer="25" width="0" y2="0.1651" x2="-0.3175" y1="0.1651" x1="0.3175"/><wire layer="25" width="0" y2="-0.1651" x2="-0.3175" y1="0.1651" x1="-0.3175"/></package><package name="DDC0006A"><smd layer="1" dx="1" dy="0.6" y="0.95" x="-1.375" name="1"/><smd layer="1" dx="1" dy="0.6" y="0" x="-1.375" name="2"/><smd layer="1" dx="1" dy="0.6" y="-0.95" x="-1.375" name="3"/><smd layer="1" dx="1" dy="0.6" y="-0.95" x="1.375" name="4"/><smd layer="1" dx="1" dy="0.6" y="0" x="1.375" name="5"/><smd layer="1" dx="1" dy="0.6" y="0.95" x="1.375" name="6"/><wire layer="21" width="0.2" y2="1.525" x2="0.55" y1="1.525" x1="-1.75"/><wire layer="21" width="0.2" y2="-1.524" x2="0.7" y1="-1.524" x1="-0.7"/><wire layer="25" width="0.127" y2="-0.735" x2="1.1218" y1="-0.735" x1="0.8964"/><wire layer="25" width="0.127" y2="-0.735" x2="1.4306" y1="-1.135" x1="1.4306"/><wire layer="25" width="0.127" y2="-0.735" x2="1.2448" y1="-0.735" x1="1.1525"/><wire layer="25" width="0.127" y2="-1.135" x2="1.4306" y1="-1.135" x1="1.2448"/><wire layer="25" width="0.127" y2="-0.735" x2="1.1525" y1="-0.735" x1="1.1218"/><wire layer="25" width="0.127" y2="-0.735" x2="1.4306" y1="-0.735" x1="1.2448"/><wire layer="25" width="0.127" y2="-1.135" x2="1.1525" y1="-1.135" x1="1.1218"/><wire layer="25" width="0.127" y2="-1.135" x2="1.1218" y1="-1.135" x1="0.8964"/><wire layer="25" width="0.127" y2="-1.135" x2="1.2448" y1="-1.135" x1="1.1525"/><wire layer="25" width="0.127" y2="-0.735" x2="0.8964" y1="-0.735" x1="0.7948"/><wire layer="25" width="0.127" y2="-1.135" x2="0.8964" y1="-1.135" x1="0.7948"/><wire layer="25" width="0.127" y2="0.215" x2="1.1218" y1="0.215" x1="0.8964"/><wire layer="25" width="0.127" y2="0.215" x2="1.4306" y1="-0.185" x1="1.4306"/><wire layer="25" width="0.127" y2="0.215" x2="1.2448" y1="0.215" x1="1.1525"/><wire layer="25" width="0.127" y2="-0.185" x2="1.4306" y1="-0.185" x1="1.2448"/><wire layer="25" width="0.127" y2="0.215" x2="1.1525" y1="0.215" x1="1.1218"/><wire layer="25" width="0.127" y2="0.215" x2="1.4306" y1="0.215" x1="1.2448"/><wire layer="25" width="0.127" y2="-0.185" x2="1.1525" y1="-0.185" x1="1.1218"/><wire layer="25" width="0.127" y2="-0.185" x2="1.1218" y1="-0.185" x1="0.8964"/><wire layer="25" width="0.127" y2="-0.185" x2="1.2448" y1="-0.185" x1="1.1525"/><wire layer="25" width="0.127" y2="0.215" x2="0.8964" y1="0.215" x1="0.7948"/><wire layer="25" width="0.127" y2="-0.185" x2="0.8964" y1="-0.185" x1="0.7948"/><wire layer="25" width="0.127" y2="1.165" x2="1.1218" y1="1.165" x1="0.8964"/><wire layer="25" width="0.127" y2="1.165" x2="1.4306" y1="0.765" x1="1.4306"/><wire layer="25" width="0.127" y2="1.165" x2="1.2448" y1="1.165" x1="1.1525"/><wire layer="25" width="0.127" y2="0.765" x2="1.4306" y1="0.765" x1="1.2448"/><wire layer="25" width="0.127" y2="1.165" x2="1.1525" y1="1.165" x1="1.1218"/><wire layer="25" width="0.127" y2="1.165" x2="1.4306" y1="1.165" x1="1.2448"/><wire layer="25" width="0.127" y2="0.765" x2="1.1525" y1="0.765" x1="1.1218"/><wire layer="25" width="0.127" y2="0.765" x2="1.1218" y1="0.765" x1="0.8964"/><wire layer="25" width="0.127" y2="0.765" x2="1.2448" y1="0.765" x1="1.1525"/><wire layer="25" width="0.127" y2="1.165" x2="0.8964" y1="1.165" x1="0.7948"/><wire layer="25" width="0.127" y2="0.765" x2="0.8964" y1="0.765" x1="0.7948"/><wire layer="25" width="0.127" y2="-1.135" x2="-0.903" y1="-1.135" x1="-1.1283"/><wire layer="25" width="0.127" y2="-0.735" x2="-1.4371" y1="-1.135" x1="-1.4371"/><wire layer="25" width="0.127" y2="-1.135" x2="-1.159" y1="-1.135" x1="-1.2513"/><wire layer="25" width="0.127" y2="-0.735" x2="-1.2513" y1="-0.735" x1="-1.4371"/><wire layer="25" width="0.127" y2="-1.135" x2="-1.1283" y1="-1.135" x1="-1.159"/><wire layer="25" width="0.127" y2="-1.135" x2="-1.2513" y1="-1.135" x1="-1.4371"/><wire layer="25" width="0.127" y2="-0.735" x2="-1.1283" y1="-0.735" x1="-1.159"/><wire layer="25" width="0.127" y2="-0.735" x2="-0.903" y1="-0.735" x1="-1.1283"/><wire layer="25" width="0.127" y2="-0.735" x2="-1.159" y1="-0.735" x1="-1.2513"/><wire layer="25" width="0.127" y2="-1.135" x2="-0.8013" y1="-1.135" x1="-0.903"/><wire layer="25" width="0.127" y2="-0.735" x2="-0.8013" y1="-0.735" x1="-0.903"/><wire layer="25" width="0.127" y2="-0.185" x2="-0.903" y1="-0.185" x1="-1.1283"/><wire layer="25" width="0.127" y2="0.215" x2="-1.4371" y1="-0.185" x1="-1.4371"/><wire layer="25" width="0.127" y2="-0.185" x2="-1.159" y1="-0.185" x1="-1.2513"/><wire layer="25" width="0.127" y2="0.215" x2="-1.2513" y1="0.215" x1="-1.4371"/><wire layer="25" width="0.127" y2="-0.185" x2="-1.1283" y1="-0.185" x1="-1.159"/><wire layer="25" width="0.127" y2="-0.185" x2="-1.2513" y1="-0.185" x1="-1.4371"/><wire layer="25" width="0.127" y2="0.215" x2="-1.1283" y1="0.215" x1="-1.159"/><wire layer="25" width="0.127" y2="0.215" x2="-0.903" y1="0.215" x1="-1.1283"/><wire layer="25" width="0.127" y2="0.215" x2="-1.159" y1="0.215" x1="-1.2513"/><wire layer="25" width="0.127" y2="-0.185" x2="-0.8013" y1="-0.185" x1="-0.903"/><wire layer="25" width="0.127" y2="0.215" x2="-0.8013" y1="0.215" x1="-0.903"/><wire layer="25" width="0.127" y2="0.765" x2="-0.903" y1="0.765" x1="-1.1283"/><wire layer="25" width="0.127" y2="1.165" x2="-1.4371" y1="0.765" x1="-1.4371"/><wire layer="25" width="0.127" y2="0.765" x2="-1.159" y1="0.765" x1="-1.2513"/><wire layer="25" width="0.127" y2="1.165" x2="-1.2513" y1="1.165" x1="-1.4371"/><wire layer="25" width="0.127" y2="0.765" x2="-1.1283" y1="0.765" x1="-1.159"/><wire layer="25" width="0.127" y2="0.765" x2="-1.2513" y1="0.765" x1="-1.4371"/><wire layer="25" width="0.127" y2="1.165" x2="-1.1283" y1="1.165" x1="-1.159"/><wire layer="25" width="0.127" y2="1.165" x2="-0.903" y1="1.165" x1="-1.1283"/><wire layer="25" width="0.127" y2="1.165" x2="-1.159" y1="1.165" x1="-1.2513"/><wire layer="25" width="0.127" y2="0.765" x2="-0.8013" y1="0.765" x1="-0.903"/><wire layer="25" width="0.127" y2="1.165" x2="-0.8013" y1="1.165" x1="-0.903"/><wire layer="25" width="0.127" y2="-1.3918" x2="-0.8283" y1="-1.3955" x1="-0.8283"/><wire layer="25" width="0.127" y2="1.5" x2="-0.75" y1="1.5" x1="-0.7538"/><wire layer="25" width="0.127" y2="-1.47" x2="-0.75" y1="-1.47" x1="-0.7538"/><wire layer="25" width="0.127" y2="1.4255" x2="0.8218" y1="1.4217" x1="0.8218"/><wire layer="25" width="0.127" y2="1.5" x2="0.7473" y1="1.5" x1="0.7435"/><wire layer="25" width="0.127" y2="-1.47" x2="0.7473" y1="-1.47" x1="0.7435"/><wire layer="25" width="0.127" y2="-1.3918" x2="0.8218" y1="-1.3955" x1="0.8218"/><wire layer="25" width="0.127" y2="1.4217" x2="-0.8283" y1="1.165" x1="-0.8283"/><wire layer="25" width="0.127" y2="0.765" x2="-0.8283" y1="0.215" x1="-0.8283"/><wire layer="25" width="0.127" y2="-0.185" x2="-0.8283" y1="-0.735" x1="-0.8283"/><wire layer="25" width="0.127" y2="-1.135" x2="-0.8283" y1="-1.3918" x1="-0.8283"/><wire layer="25" width="0.127" y2="1.5" x2="0.7435" y1="1.5" x1="-0.75"/><wire layer="25" width="0.127" y2="1.4255" x2="-0.8283" y1="1.4217" x1="-0.8283"/><wire layer="25" width="0.127" y2="-1.47" x2="0.7435" y1="-1.47" x1="-0.75"/><wire layer="25" width="0.127" y2="1.4217" x2="0.8218" y1="1.165" x1="0.8218"/><wire layer="25" width="0.127" y2="0.765" x2="0.8218" y1="0.215" x1="0.8218"/><wire layer="25" width="0.127" y2="-0.185" x2="0.8218" y1="-0.735" x1="0.8218"/><wire layer="25" width="0.127" y2="-1.135" x2="0.8218" y1="-1.3918" x1="0.8218"/><wire curve="180" layer="25" width="0.127" y2="1.0177" x2="-0.2808" y1="1.0177" x1="-0.5783"/><wire curve="180" layer="25" width="0.127" y2="1.0177" x2="-0.5783" y1="1.0177" x1="-0.2808"/></package><package name="JMK212BJ476MG-T"><smd layer="1" dx="1.1176" dy="1.4478" y="0" x="-0.9017" name="1"/><smd layer="1" dx="1.1176" dy="1.4478" y="0" x="0.9017" name="2"/><wire layer="25" width="0" y2="0.7239" x2="-0.3429" y1="-0.7239" x1="-0.3429"/><wire layer="25" width="0" y2="0.7239" x2="-1.1049" y1="0.7239" x1="-0.3429"/><wire layer="25" width="0" y2="-0.7239" x2="-1.1049" y1="0.7239" x1="-1.1049"/><wire layer="25" width="0" y2="-0.7239" x2="-0.3429" y1="-0.7239" x1="-1.1049"/><wire layer="25" width="0" y2="-0.7239" x2="0.3429" y1="0.7239" x1="0.3429"/><wire layer="25" width="0" y2="-0.7239" x2="1.1049" y1="-0.7239" x1="0.3429"/><wire layer="25" width="0" y2="0.7239" x2="1.1049" y1="-0.7239" x1="1.1049"/><wire layer="25" width="0" y2="0.7239" x2="0.3429" y1="0.7239" x1="1.1049"/><wire layer="25" width="0" y2="-0.7239" x2="1.1049" y1="-0.7239" x1="-1.1049"/><wire layer="25" width="0" y2="0.7239" x2="1.1049" y1="-0.7239" x1="1.1049"/><wire layer="25" width="0" y2="0.7239" x2="-1.1049" y1="0.7239" x1="1.1049"/><wire layer="25" width="0" y2="-0.7239" x2="-1.1049" y1="0.7239" x1="-1.1049"/></package><package name="CRCW080533K2FKEA"><smd layer="1" dx="1.1176" dy="1.4478" y="0" x="-0.9017" name="1"/><smd layer="1" dx="1.1176" dy="1.4478" y="0" x="0.9017" name="2"/><wire layer="25" width="0" y2="0.7239" x2="-0.3429" y1="-0.7239" x1="-0.3429"/><wire layer="25" width="0" y2="0.7239" x2="-1.1049" y1="0.7239" x1="-0.3429"/><wire layer="25" width="0" y2="-0.7239" x2="-1.1049" y1="0.7239" x1="-1.1049"/><wire layer="25" width="0" y2="-0.7239" x2="-0.3429" y1="-0.7239" x1="-1.1049"/><wire layer="25" width="0" y2="-0.7239" x2="0.3429" y1="0.7239" x1="0.3429"/><wire layer="25" width="0" y2="-0.7239" x2="1.1049" y1="-0.7239" x1="0.3429"/><wire layer="25" width="0" y2="0.7239" x2="1.1049" y1="-0.7239" x1="1.1049"/><wire layer="25" width="0" y2="0.7239" x2="0.3429" y1="0.7239" x1="1.1049"/><wire layer="25" width="0" y2="-0.7239" x2="1.1049" y1="-0.7239" x1="-1.1049"/><wire layer="25" width="0" y2="0.7239" x2="1.1049" y1="-0.7239" x1="1.1049"/><wire layer="25" width="0" y2="0.7239" x2="-1.1049" y1="0.7239" x1="1.1049"/><wire layer="25" width="0" y2="-0.7239" x2="-1.1049" y1="0.7239" x1="-1.1049"/></package></packages></library></libraries><designrules name="custom"><param name="layerSetup" value="((1*2)+(15*16))"/></designrules><elements><element rot="SR270" y="51.7652" x="54.737" value="" package="0603" library="ultra-librarian" name="Cbst"><attribute align="bottom-left" display="value" layer="51" size="1.778" y="51.181" x="56.515" value="Cbst" name="RefDes"/><attribute align="bottom-left" display="off" layer="51" size="1.778" y="51.181" x="56.515" value="C0603C104Z3VACTU" name="Type"/></element><element rot="R90" y="47.498" x="46.609" value="" package="0805" library="ultra-librarian" name="Cin"><attribute align="bottom-left" display="value" layer="51" size="1.778" y="41.91" x="45.72" value="Cin" name="RefDes"/><attribute align="bottom-left" display="off" layer="51" size="1.778" y="41.91" x="45.72" value="C2012X5R1V226M125AC" name="Type"/></element><element rot="SR270" y="64.008" x="40.005" value="" package="0805" library="ultra-librarian" name="Cout"><attribute align="bottom-left" display="value" layer="51" size="1.778" y="68.961" x="38.862" value="Cout" name="RefDes"/><attribute align="bottom-left" display="off" layer="51" size="1.778" y="68.961" x="38.862" value="JMK212BJ476MG-T" name="Type"/></element><element rot="R90" y="60.5282" x="29.337" value="" package="TP-1502" library="ultra-librarian" name="GND"><attribute align="bottom-left" display="value" layer="51" size="1.778" y="56.896" x="27.432" value="GND" name="RefDes"/><attribute align="bottom-left" display="off" layer="51" size="1.778" y="56.896" x="27.432" value="TP-1502" name="Type"/></element><element rot="R90" y="50.9016" x="29.337" value="" package="TP-1502" library="ultra-librarian" name="GND1"><attribute align="bottom-left" display="value" layer="51" size="1.778" y="53.848" x="28.067" value="GND1" name="RefDes"/><attribute align="bottom-left" display="off" layer="51" size="1.778" y="53.848" x="28.067" value="TP-1502" name="Type"/></element><element rot="R90" y="60.579" x="51.3588" value="" package="SDR1006" library="ultra-librarian" name="L1"><attribute align="bottom-left" display="value" layer="51" size="1.778" y="67.818" x="52.832" value="L1" name="RefDes"/><attribute align="bottom-left" display="off" layer="51" size="1.778" y="67.818" x="52.832" value="SDR1006-3R3ML" name="Type"/></element><element y="46.8376" x="56.7182" value="" package="0201" library="ultra-librarian" name="Rfbb"><attribute align="bottom-left" display="value" layer="51" size="1.778" y="46.101" x="60.071" value="Rfbb" name="RefDes"/><attribute align="bottom-left" display="off" layer="51" size="1.778" y="46.101" x="60.071" value="RC0201FR-0710KL" name="Type"/></element><element rot="R90" y="44.0182" x="55.6006" value="" package="0805" library="ultra-librarian" name="Rfbt"><attribute align="bottom-left" display="value" layer="51" size="1.778" y="43.307" x="59.944" value="Rfbt" name="RefDes"/><attribute align="bottom-left" display="off" layer="51" size="1.778" y="43.307" x="59.944" value="CRCW080533K2FKEA" name="Type"/></element><element y="47.9552" x="52.2986" value="" package="DDC0006A" library="ultra-librarian" name="U1"><attribute align="bottom-left" display="value" layer="51" size="1.778" y="50.165" x="52.959" value="U1" name="RefDes"/><attribute align="bottom-left" display="off" layer="51" size="1.778" y="50.165" x="52.959" value="TPS561201DDCR" name="Type"/></element><element rot="R90" y="44.0182" x="29.337" value="" package="TP-1502" library="ultra-librarian" name="VIN"><attribute align="bottom-left" display="value" layer="51" size="1.778" y="40.132" x="28.067" value="VIN" name="RefDes"/><attribute align="bottom-left" display="off" layer="51" size="1.778" y="40.132" x="28.067" value="TP-1502" name="Type"/></element><element rot="R90" y="67.437" x="29.337" value="" package="TP-1502" library="ultra-librarian" name="VOUT"><attribute align="bottom-left" display="value" layer="51" size="1.778" y="70.231" x="27.559" value="VOUT" name="RefDes"/><attribute align="bottom-left" display="off" layer="51" size="1.778" y="70.231" x="27.559" value="TP-1502" name="Type"/></element></elements><signals><signal name="4"><wire layer="1" width="0.381" y2="64.7446" x2="40.259" y1="64.7446" x1="29.845"/><wire layer="1" width="0.381" y2="65.5574" x2="44.9834" y1="64.7446" x1="44.1706"/><wire layer="1" width="0.381" y2="65.5574" x2="49.022" y1="65.5574" x1="44.9834"/><wire layer="1" width="0.381" y2="64.7446" x2="44.1706" y1="64.7446" x1="40.259"/><wire layer="1" width="0.381" y2="64.7446" x2="29.845" y1="65.278" x1="29.337"/><wire layer="1" width="0.381" y2="42.164" x2="55.626" y1="42.164" x1="55.626"/><wire layer="1" width="0.381" y2="43.307" x2="55.626" y1="42.164" x1="55.626"/><wire layer="1" width="0.381" y2="67.437" x2="29.337" y1="65.278" x1="29.337"/><wire layer="1" width="0.254" y2="43.7134" x2="55.6133" y1="42.8752" x1="55.6133"/><polygon spacing="0.254" layer="1" width="0" rank="4"><vertex y="60.96" x="56.388"/><vertex y="60.96" x="41.656"/><vertex y="64.135" x="41.656"/><vertex y="64.135" x="26.416"/><vertex y="77.47" x="26.416"/><vertex y="77.47" x="56.388"/></polygon><wire layer="16" width="0.381" y2="67.437" x2="31.496" y1="67.437" x1="29.337"/><wire layer="16" width="0.381" y2="66.3448" x2="32.5882" y1="67.437" x1="31.496"/><wire layer="16" width="0.381" y2="66.3448" x2="32.5882" y1="46.1518" x1="32.5882"/><wire layer="16" width="0.381" y2="42.164" x2="55.626" y1="42.164" x1="36.576"/><wire layer="16" width="0.381" y2="42.164" x2="36.576" y1="46.1518" x1="32.5882"/><via shape="round" drill="0.254" diameter="0.6096" extent="1-16" y="42.164" x="55.626"/><via shape="round" drill="2.4892" diameter="3.4798" extent="1-16" y="67.437" x="29.337"/><contactref pad="1" element="Cout"/><contactref pad="2" element="L1"/><contactref pad="1" element="Rfbt"/><contactref pad="1" element="VOUT"/></signal><signal name="3"><wire layer="1" width="0.381" y2="46.863" x2="56.007" y1="45.974" x1="56.007"/><wire layer="1" width="0.381" y2="45.974" x2="56.007" y1="45.593" x1="55.626"/><wire layer="1" width="0.381" y2="47.0408" x2="54.5338" y1="47.0408" x1="53.4924"/><wire layer="1" width="0.381" y2="46.863" x2="54.737" y1="47.0408" x1="54.5338"/><wire layer="1" width="0.381" y2="46.863" x2="56.007" y1="46.863" x1="54.737"/><wire layer="1" width="0.381" y2="45.593" x2="55.626" y1="44.8056" x1="55.626"/><wire layer="1" width="0.254" y2="46.8503" x2="56.4134" y1="46.8503" x1="55.5752"/><wire layer="1" width="0.254" y2="45.212" x2="55.6133" y1="44.3738" x1="55.6133"/><contactref pad="1" element="Rfbb"/><contactref pad="2" element="Rfbt"/><contactref pad="4" element="U1"/></signal><signal name="9"><wire layer="1" width="0.381" y2="48.387" x2="55.3212" y1="48.006" x1="54.9402"/><wire layer="1" width="0.381" y2="48.006" x2="54.9402" y1="48.006" x1="53.4924"/><wire layer="1" width="0.508" y2="47.0408" x2="51.1556" y1="46.1518" x1="51.1556"/><wire layer="1" width="0.508" y2="47.0408" x2="51.1556" y1="47.0408" x1="49.1998"/><wire layer="1" width="0.508" y2="46.736" x2="46.99" y1="46.736" x1="29.972"/><wire layer="1" width="0.508" y2="46.736" x2="29.972" y1="46.101" x1="29.337"/><wire layer="1" width="0.508" y2="46.101" x2="29.337" y1="44.069" x1="29.337"/><wire layer="1" width="0.508" y2="47.0408" x2="49.1998" y1="46.736" x1="48.895"/><wire layer="1" width="0.508" y2="46.736" x2="48.895" y1="46.736" x1="46.99"/><polygon spacing="0.254" layer="1" width="0" rank="3"><vertex y="47.371" x="26.416"/><vertex y="47.371" x="51.943"/><vertex y="36.83" x="51.943"/><vertex y="36.83" x="26.416"/></polygon><wire layer="16" width="0.381" y2="48.387" x2="55.3212" y1="46.3042" x1="55.3212"/><wire layer="16" width="0.381" y2="46.3042" x2="55.3212" y1="45.72" x1="54.737"/><wire layer="16" width="0.381" y2="45.72" x2="54.737" y1="45.72" x1="51.5874"/><wire layer="16" width="0.381" y2="45.72" x2="51.5874" y1="46.1518" x1="51.1556"/><via shape="round" drill="0.254" diameter="0.6096" extent="1-16" y="48.387" x="55.3212"/><via shape="round" drill="0.254" diameter="0.6096" extent="1-16" y="46.1518" x="51.1556"/><via shape="round" drill="2.4892" diameter="3.4798" extent="1-16" y="44.069" x="29.337"/><contactref pad="1" element="Cin"/><contactref pad="3" element="U1"/><contactref pad="5" element="U1"/><contactref pad="1" element="VIN"/></signal><signal name="2"><wire layer="1" width="0.508" y2="52.5526" x2="52.197" y1="55.4736" x1="49.276"/><wire layer="1" width="0.508" y2="52.5526" x2="54.737" y1="52.5526" x1="52.197"/><wire layer="1" width="0.508" y2="48.006" x2="51.1556" y1="48.006" x1="48.768"/><wire layer="1" width="0.508" y2="48.006" x2="51.1556" y1="48.006" x1="51.1556"/><wire layer="1" width="0.254" y2="52.959" x2="54.7243" y1="52.1208" x1="54.7243"/><polygon spacing="0.254" layer="1" width="0" rank="2"><vertex y="58.039" x="55.88"/><vertex y="58.039" x="44.831"/><vertex y="51.943" x="44.831"/><vertex y="51.943" x="55.88"/></polygon><polygon spacing="0.254" layer="1" width="0" rank="5"><vertex y="48.387" x="51.943"/><vertex y="47.625" x="51.943"/><vertex y="47.625" x="48.26"/><vertex y="48.387" x="48.26"/></polygon><polygon spacing="0.254" layer="16" width="0"><vertex y="47.625" x="48.26"/><vertex y="53.848" x="48.26"/><vertex y="53.848" x="50.038"/><vertex y="47.625" x="50.038"/></polygon><via shape="round" drill="0.254" diameter="0.6096" extent="1-16" y="48.006" x="49.53"/><via shape="round" drill="0.254" diameter="0.6096" extent="1-16" y="48.006" x="48.768"/><via shape="round" drill="0.254" diameter="0.6096" extent="1-16" y="53.1114" x="48.7934"/><via shape="round" drill="0.254" diameter="0.6096" extent="1-16" y="53.1114" x="49.6062"/><via shape="round" drill="0.254" diameter="0.6096" extent="1-16" y="52.2986" x="49.6062"/><via shape="round" drill="0.254" diameter="0.6096" extent="1-16" y="52.2986" x="48.768"/><contactref pad="1" element="Cbst"/><contactref pad="1" element="L1"/><contactref pad="2" element="U1"/></signal><signal name="5"><wire layer="1" width="0.381" y2="48.9458" x2="54.483" y1="48.9458" x1="53.4924"/><wire layer="1" width="0.381" y2="49.1998" x2="54.737" y1="48.9458" x1="54.483"/><wire layer="1" width="0.381" y2="51.054" x2="54.737" y1="49.1998" x1="54.737"/><wire layer="1" width="0.254" y2="51.4604" x2="54.7243" y1="50.6222" x1="54.7243"/><contactref pad="2" element="Cbst"/><contactref pad="6" element="U1"/></signal><signal name="0"><wire layer="1" width="0.508" y2="63.246" x2="40.767" y1="63.246" x1="29.972"/><wire layer="1" width="0.508" y2="63.246" x2="29.972" y1="62.611" x1="29.337"/><wire layer="1" width="0.508" y2="62.611" x2="29.337" y1="60.579" x1="29.337"/><wire layer="1" width="0.508" y2="48.9458" x2="47.6758" y1="48.2346" x1="46.99"/><wire layer="1" width="0.508" y2="48.9458" x2="51.1556" y1="48.9458" x1="47.6758"/><wire layer="1" width="0.508" y2="48.2346" x2="46.99" y1="48.2346" x1="29.845"/><wire layer="1" width="0.508" y2="48.2346" x2="29.845" y1="48.768" x1="29.337"/><wire layer="1" width="0.508" y2="50.927" x2="29.337" y1="48.768" x1="29.337"/><wire layer="1" width="0.381" y2="46.863" x2="58.9026" y1="46.863" x1="57.5056"/><wire layer="1" width="0.381" y2="47.0408" x2="59.0804" y1="46.863" x1="58.9026"/><wire layer="1" width="0.254" y2="46.8503" x2="57.912" y1="46.8503" x1="57.0738"/><polygon spacing="0.254" layer="1" width="0"><vertex y="47.625" x="26.416"/><vertex y="47.625" x="48.006"/><vertex y="48.641" x="48.006"/><vertex y="48.641" x="51.943"/><vertex y="49.53" x="51.943"/><vertex y="49.53" x="53.594"/><vertex y="51.689" x="53.594"/><vertex y="51.689" x="41.148"/><vertex y="63.881" x="41.148"/><vertex y="63.881" x="26.416"/></polygon><polygon spacing="0.254" layer="1" width="0"><vertex y="36.576" x="26.416"/><vertex y="26.289" x="26.416"/><vertex y="26.289" x="75.184"/><vertex y="85.471" x="75.184"/><vertex y="85.471" x="26.416"/><vertex y="77.724" x="26.416"/><vertex y="77.724" x="56.896"/><vertex y="41.529" x="56.896"/><vertex y="41.529" x="54.61"/><vertex y="46.355" x="54.61"/><vertex y="46.355" x="52.197"/><vertex y="36.576" x="52.197"/></polygon><wire layer="16" width="0.254" y2="56.2102" x2="75.057" y1="68.9356" x1="62.3316"/><wire layer="16" width="0.254" y2="56.2102" x2="75.057" y1="49.403" x1="75.057"/><wire layer="16" width="0.254" y2="49.403" x2="75.057" y1="49.403" x1="50.419"/><wire layer="16" width="0.254" y2="49.784" x2="50.419" y1="49.403" x1="50.419"/><wire layer="16" width="0.254" y2="50.0634" x2="50.6984" y1="49.784" x1="50.419"/><wire layer="16" width="0.254" y2="50.1142" x2="50.6984" y1="50.0634" x1="50.6984"/><polygon spacing="0.254" layer="16" width="0" rank="6"><vertex y="26.289" x="26.416"/><vertex y="26.289" x="75.184"/><vertex y="49.403" x="75.184"/><vertex y="49.403" x="50.292"/><vertex y="47.371" x="50.292"/><vertex y="47.371" x="48.006"/><vertex y="54.102" x="48.006"/><vertex y="54.102" x="50.292"/><vertex y="49.53" x="50.292"/><vertex y="49.53" x="75.184"/><vertex y="85.471" x="75.184"/><vertex y="85.471" x="26.416"/></polygon><via shape="round" drill="0.254" diameter="0.6096" extent="1-16" y="50.5714" x="40.5892"/><via shape="round" drill="0.254" diameter="0.6096" extent="1-16" y="31.2928" x="68.834"/><via shape="round" drill="0.254" diameter="0.6096" extent="1-16" y="35.0266" x="68.834"/><via shape="round" drill="0.254" diameter="0.6096" extent="1-16" y="31.2928" x="47.244"/><via shape="round" drill="0.254" diameter="0.6096" extent="1-16" y="35.0266" x="47.244"/><via shape="round" drill="0.254" diameter="0.6096" extent="1-16" y="31.2928" x="64.5414"/><via shape="round" drill="0.254" diameter="0.6096" extent="1-16" y="31.2928" x="66.4464"/><via shape="round" drill="0.254" diameter="0.6096" extent="1-16" y="35.0266" x="66.4464"/><via shape="round" drill="0.254" diameter="0.6096" extent="1-16" y="35.0266" x="64.5414"/><via shape="round" drill="0.254" diameter="0.6096" extent="1-16" y="50.927" x="51.5112"/><via shape="round" drill="0.254" diameter="0.6096" extent="1-16" y="50.927" x="50.6984"/><via shape="round" drill="0.254" diameter="0.6096" extent="1-16" y="47.0408" x="59.0804"/><via shape="round" drill="0.254" diameter="0.6096" extent="1-16" y="50.5714" x="47.371"/><via shape="round" drill="0.254" diameter="0.6096" extent="1-16" y="50.5714" x="46.4058"/><via shape="round" drill="0.254" diameter="0.6096" extent="1-16" y="50.5714" x="45.4406"/><via shape="round" drill="0.254" diameter="0.6096" extent="1-16" y="50.5714" x="44.4754"/><via shape="round" drill="0.254" diameter="0.6096" extent="1-16" y="50.5714" x="43.4848"/><via shape="round" drill="0.254" diameter="0.6096" extent="1-16" y="50.5714" x="42.5196"/><via shape="round" drill="0.254" diameter="0.6096" extent="1-16" y="50.5714" x="41.5544"/><via shape="round" drill="0.254" diameter="0.6096" extent="1-16" y="61.595" x="35.6362"/><via shape="round" drill="0.254" diameter="0.6096" extent="1-16" y="61.5696" x="34.6202"/><via shape="round" drill="0.254" diameter="0.6096" extent="1-16" y="61.5442" x="33.5534"/><via shape="round" drill="0.254" diameter="0.6096" extent="1-16" y="61.5442" x="40.894"/><via shape="round" drill="0.254" diameter="0.6096" extent="1-16" y="61.5442" x="39.8018"/><via shape="round" drill="0.254" diameter="0.6096" extent="1-16" y="61.5696" x="38.735"/><via shape="round" drill="0.254" diameter="0.6096" extent="1-16" y="61.5696" x="37.5666"/><via shape="round" drill="0.254" diameter="0.6096" extent="1-16" y="61.5696" x="36.4998"/><via shape="round" drill="0.254" diameter="0.6096" extent="1-16" y="50.1142" x="50.6984"/><via shape="round" drill="0.254" diameter="0.6096" extent="1-16" y="50.1142" x="51.5112"/><via shape="round" drill="0.254" diameter="0.6096" extent="1-16" y="35.0266" x="49.403"/><via shape="round" drill="0.254" diameter="0.6096" extent="1-16" y="35.0266" x="51.2826"/><via shape="round" drill="0.254" diameter="0.6096" extent="1-16" y="35.0266" x="53.1876"/><via shape="round" drill="0.254" diameter="0.6096" extent="1-16" y="35.0266" x="55.0926"/><via shape="round" drill="0.254" diameter="0.6096" extent="1-16" y="35.0266" x="56.9976"/><via shape="round" drill="0.254" diameter="0.6096" extent="1-16" y="35.0266" x="58.9026"/><via shape="round" drill="0.254" diameter="0.6096" extent="1-16" y="35.0266" x="60.8076"/><via shape="round" drill="0.254" diameter="0.6096" extent="1-16" y="35.0266" x="62.7126"/><via shape="round" drill="0.254" diameter="0.6096" extent="1-16" y="45.8216" x="59.1566"/><via shape="round" drill="0.254" diameter="0.6096" extent="1-16" y="44.8056" x="59.182"/><via shape="round" drill="0.254" diameter="0.6096" extent="1-16" y="43.7388" x="59.2074"/><via shape="round" drill="0.254" diameter="0.6096" extent="1-16" y="42.6974" x="59.2074"/><via shape="round" drill="0.254" diameter="0.6096" extent="1-16" y="41.6052" x="59.2074"/><via shape="round" drill="0.254" diameter="0.6096" extent="1-16" y="73.5076" x="58.3184"/><via shape="round" drill="0.254" diameter="0.6096" extent="1-16" y="71.2216" x="58.3184"/><via shape="round" drill="0.254" diameter="0.6096" extent="1-16" y="68.9356" x="58.3184"/><via shape="round" drill="0.254" diameter="0.6096" extent="1-16" y="66.6496" x="58.3184"/><via shape="round" drill="0.254" diameter="0.6096" extent="1-16" y="73.5076" x="60.325"/><via shape="round" drill="0.254" diameter="0.6096" extent="1-16" y="71.2216" x="60.325"/><via shape="round" drill="0.254" diameter="0.6096" extent="1-16" y="68.9356" x="60.325"/><via shape="round" drill="0.254" diameter="0.6096" extent="1-16" y="73.5076" x="62.3316"/><via shape="round" drill="0.254" diameter="0.6096" extent="1-16" y="71.2216" x="62.3316"/><via shape="round" drill="0.254" diameter="0.6096" extent="1-16" y="68.9356" x="62.3316"/><via shape="round" drill="0.254" diameter="0.6096" extent="1-16" y="66.6496" x="62.3316"/><via shape="round" drill="0.254" diameter="0.6096" extent="1-16" y="31.2928" x="62.7126"/><via shape="round" drill="0.254" diameter="0.6096" extent="1-16" y="31.2928" x="60.8076"/><via shape="round" drill="0.254" diameter="0.6096" extent="1-16" y="31.2928" x="58.9026"/><via shape="round" drill="0.254" diameter="0.6096" extent="1-16" y="31.2928" x="56.9976"/><via shape="round" drill="0.254" diameter="0.6096" extent="1-16" y="31.2928" x="55.0926"/><via shape="round" drill="0.254" diameter="0.6096" extent="1-16" y="31.2928" x="53.1876"/><via shape="round" drill="0.254" diameter="0.6096" extent="1-16" y="31.2928" x="51.2826"/><via shape="round" drill="0.254" diameter="0.6096" extent="1-16" y="31.2928" x="49.403"/><via shape="round" drill="0.254" diameter="0.6096" extent="1-16" y="75.7936" x="62.3316"/><via shape="round" drill="0.254" diameter="0.6096" extent="1-16" y="78.0796" x="62.3316"/><via shape="round" drill="0.254" diameter="0.6096" extent="1-16" y="80.391" x="62.3316"/><via shape="round" drill="0.254" diameter="0.6096" extent="1-16" y="75.7936" x="60.325"/><via shape="round" drill="0.254" diameter="0.6096" extent="1-16" y="78.0796" x="60.325"/><via shape="round" drill="0.254" diameter="0.6096" extent="1-16" y="80.391" x="59.563"/><via shape="round" drill="0.254" diameter="0.6096" extent="1-16" y="75.7936" x="58.3184"/><via shape="round" drill="0.254" diameter="0.6096" extent="1-16" y="78.0796" x="58.3184"/><via shape="round" drill="0.254" diameter="0.6096" extent="1-16" y="80.3656" x="56.7944"/><via shape="round" drill="0.254" diameter="0.6096" extent="1-16" y="62.0776" x="62.3316"/><via shape="round" drill="0.254" diameter="0.6096" extent="1-16" y="64.3636" x="62.3316"/><via shape="round" drill="0.254" diameter="0.6096" extent="1-16" y="64.3636" x="60.325"/><via shape="round" drill="0.254" diameter="0.6096" extent="1-16" y="62.0776" x="58.3184"/><via shape="round" drill="0.254" diameter="0.6096" extent="1-16" y="64.3636" x="58.3184"/><via shape="round" drill="0.254" diameter="0.6096" extent="1-16" y="62.0776" x="60.325"/><via shape="round" drill="0.254" diameter="0.6096" extent="1-16" y="66.6496" x="60.325"/><via shape="round" drill="2.4892" diameter="3.4798" extent="1-16" y="60.579" x="29.337"/><via shape="round" drill="2.4892" diameter="3.4798" extent="1-16" y="50.927" x="29.337"/><contactref pad="2" element="Cin"/><contactref pad="2" element="Cout"/><contactref pad="1" element="GND"/><contactref pad="1" element="GND1"/><contactref pad="2" element="Rfbb"/><contactref pad="1" element="U1"/></signal></signals></board></drawing></eagle>
