<eagle version="6.4"><drawing><settings><setting alwaysvectorfont="no" verticaltext="up"/></settings><grid altunit="inch" altunitdist="inch" altdistance="0.025" display="no" multiple="1" style="lines" unit="inch" unitdist="inch" distance="0.05"/><layers><layer active="yes" visible="yes" fill="1" color="1" name="Reference" number="49"/><layer active="yes" visible="yes" fill="1" color="6" name="tPlace" number="25"/><layer active="yes" visible="yes" fill="1" color="2" name="tDocu" number="21"/><layer active="yes" visible="yes" fill="1" color="2" name="tCream" number="31"/><layer active="yes" visible="yes" fill="1" color="4" name="TOP" number="1"/><layer active="yes" visible="yes" fill="1" color="15" name="tStop" number="29"/><layer active="yes" visible="yes" fill="1" color="1" name="BOTTOM" number="16"/><layer active="yes" visible="yes" fill="1" color="7" name="bStop" number="30"/><layer active="yes" visible="yes" fill="1" color="7" name="bCream" number="32"/><layer active="yes" visible="yes" fill="1" color="3" name="bDocu" number="22"/><layer active="yes" visible="yes" fill="1" color="3" name="bPlace" number="26"/><layer active="yes" visible="yes" fill="1" color="5" name="Holes" number="45"/><layer active="yes" visible="yes" fill="1" color="5" name="Info" number="97"/><layer active="yes" visible="yes" fill="1" color="5" name="Guide" number="98"/><layer active="yes" visible="yes" fill="1" color="4" name="tValues" number="27"/><layer active="yes" visible="yes" fill="1" color="4" name="bValues" number="28"/><layer active="yes" visible="yes" fill="1" color="4" name="INTERNAL1" number="2"/><layer active="yes" visible="yes" fill="1" color="6" name="INTERNAL2" number="3"/><layer active="yes" visible="yes" fill="1" color="5" name="INTERNAL3" number="4"/><layer active="yes" visible="yes" fill="1" color="5" name="INTERNAL4" number="5"/><layer active="yes" visible="yes" fill="1" color="1" name="INTERNAL5" number="6"/><layer active="yes" visible="yes" fill="1" color="1" name="INTERNAL6" number="7"/><layer active="yes" visible="yes" fill="1" color="1" name="INTERNAL7" number="8"/><layer active="yes" visible="yes" fill="1" color="1" name="INTERNAL8" number="9"/><layer active="yes" visible="yes" fill="1" color="2" name="Values" number="96"/><layer active="yes" visible="yes" fill="1" color="1" name="FAB" number="49"/><layer active="yes" visible="yes" fill="1" color="1" name="ASSEMBLY_DETAIL" number="49"/><layer active="yes" visible="yes" fill="1" color="1" name="BOARD_OUTLINE" number="49"/><layer active="yes" visible="yes" fill="1" color="1" name="CopyRight" number="49"/><layer active="yes" visible="yes" fill="1" color="1" name="BRDOUT" number="20"/><layer active="yes" visible="yes" fill="1" color="1" name="NOTES" number="48"/><layer active="yes" visible="yes" fill="1" color="1" name="ASSYNOTES" number="21"/><layer active="yes" visible="yes" fill="1" color="1" name="STACKUP" number="46"/></layers><board><plain><wire layer="49" width="0.0254" y2="55.372" x2="25.4" y1="25.4" x1="25.4"/><wire layer="49" width="0.1016" y2="55.372" x2="25.4" y1="25.4" x1="25.4"/><wire layer="49" width="0.0254" y2="55.372" x2="77.47" y1="55.372" x1="25.4"/><wire layer="49" width="0.1016" y2="55.372" x2="77.47" y1="55.372" x1="25.4"/><wire layer="49" width="0.0254" y2="25.4" x2="77.47" y1="55.372" x1="77.47"/><wire layer="49" width="0.1016" y2="25.4" x2="77.47" y1="55.372" x1="77.47"/><wire layer="49" width="0.0254" y2="25.4" x2="25.4" y1="25.4" x1="77.47"/><wire layer="49" width="0.1016" y2="25.4" x2="25.4" y1="25.4" x1="77.47"/><text align="bottom-left" layer="21" size="1.778" y="47.752" x="61.214">Cout</text><text align="bottom-left" rot="R90" layer="21" size="1.778" y="37.2364" x="32.385">Dboost</text><text align="bottom-left" layer="21" size="1.778" y="26.67" x="49.911">Min. Track Width : 10 mil</text><text align="bottom-left" layer="21" size="1.778" y="28.575" x="52.578">Min. Clearance: 10 mil</text><text align="bottom-left" layer="21" size="1.778" y="30.226" x="55.245">Design Rule :</text></plain><libraries><library name="ultra-librarian"><packages><package name="0805"><smd layer="1" dx="1.1176" dy="1.4478" y="0" x="-0.9017" name="1"/><smd layer="1" dx="1.1176" dy="1.4478" y="0" x="0.9017" name="2"/><wire layer="25" width="0" y2="0.7239" x2="-0.3429" y1="-0.7239" x1="-0.3429"/><wire layer="25" width="0" y2="0.7239" x2="-1.1049" y1="0.7239" x1="-0.3429"/><wire layer="25" width="0" y2="-0.7239" x2="-1.1049" y1="0.7239" x1="-1.1049"/><wire layer="25" width="0" y2="-0.7239" x2="-0.3429" y1="-0.7239" x1="-1.1049"/><wire layer="25" width="0" y2="-0.7239" x2="0.3429" y1="0.7239" x1="0.3429"/><wire layer="25" width="0" y2="-0.7239" x2="1.1049" y1="-0.7239" x1="0.3429"/><wire layer="25" width="0" y2="0.7239" x2="1.1049" y1="-0.7239" x1="1.1049"/><wire layer="25" width="0" y2="0.7239" x2="0.3429" y1="0.7239" x1="1.1049"/><wire layer="25" width="0" y2="-0.7239" x2="1.1049" y1="-0.7239" x1="-1.1049"/><wire layer="25" width="0" y2="0.7239" x2="1.1049" y1="-0.7239" x1="1.1049"/><wire layer="25" width="0" y2="0.7239" x2="-1.1049" y1="0.7239" x1="1.1049"/><wire layer="25" width="0" y2="-0.7239" x2="-1.1049" y1="0.7239" x1="-1.1049"/></package><package name="6032-28"><smd layer="1" dx="2.2606" dy="2.3114" y="0" x="-2.1717" name="1"/><smd layer="1" dx="2.2606" dy="2.3114" y="0" x="2.1717" name="2"/><wire layer="21" width="0.1524" y2="1.7526" x2="3.1496" y1="1.4884" x1="3.1496"/><wire layer="21" width="0.1524" y2="-1.7526" x2="-3.1496" y1="-1.4884" x1="-3.1496"/><wire layer="25" width="0" y2="0" x2="-5.1562" y1="0" x1="-4.3942"/><wire layer="25" width="0" y2="-0.381" x2="-4.7752" y1="0.381" x1="-4.7752"/><wire layer="21" width="0.1524" y2="0" x2="-5.1562" y1="0" x1="-4.3942"/><wire layer="21" width="0.1524" y2="-0.381" x2="-4.7752" y1="0.381" x1="-4.7752"/><wire layer="21" width="0.1524" y2="-1.7526" x2="3.1496" y1="-1.7526" x1="-3.1496"/><wire layer="21" width="0.1524" y2="-1.4884" x2="3.1496" y1="-1.7526" x1="3.1496"/><wire layer="21" width="0.1524" y2="1.7526" x2="-3.1496" y1="1.7526" x1="3.1496"/><wire layer="21" width="0.1524" y2="1.4884" x2="-3.1496" y1="1.7526" x1="-3.1496"/><wire layer="25" width="0" y2="-1.7526" x2="3.1496" y1="-1.7526" x1="-3.1496"/><wire layer="25" width="0" y2="1.7526" x2="3.1496" y1="-1.7526" x1="3.1496"/><wire layer="25" width="0" y2="1.7526" x2="-3.1496" y1="1.7526" x1="3.1496"/><wire layer="25" width="0" y2="-1.7526" x2="-3.1496" y1="1.7526" x1="-3.1496"/></package><package name="TP-5012"><pad shape="round" drill="0.8128" y="0" x="0" name="1"/></package><package name="SRN3015"><smd layer="1" dx="1.3556" dy="2.7" y="0" x="-1.2778" name="1"/><smd layer="1" dx="1.3556" dy="2.7" y="0" x="1.2778" name="2"/><circle layer="25" width="0.1016" radius="0.0762" y="0" x="-2.7938"/><circle layer="21" width="0.1016" radius="0.0762" y="0" x="-2.7938"/><wire layer="25" width="0" y2="1.35" x2="-0.6" y1="-1.35" x1="-0.6"/><wire layer="25" width="0" y2="1.35" x2="-1.6" y1="1.35" x1="-0.6"/><wire layer="25" width="0" y2="-1.35" x2="-1.6" y1="1.35" x1="-1.6"/><wire layer="25" width="0" y2="-1.35" x2="-0.6" y1="-1.35" x1="-1.6"/><wire layer="25" width="0" y2="-1.35" x2="0.6" y1="1.35" x1="0.6"/><wire layer="25" width="0" y2="-1.35" x2="1.6" y1="-1.35" x1="0.6"/><wire layer="25" width="0" y2="1.35" x2="1.6" y1="-1.35" x1="1.6"/><wire layer="25" width="0" y2="1.35" x2="0.6" y1="1.35" x1="1.6"/><wire layer="21" width="0.1524" y2="-1.35" x2="0.2673" y1="-1.35" x1="-0.2673"/><wire layer="21" width="0.1524" y2="1.35" x2="-0.2673" y1="1.35" x1="0.2673"/><wire layer="25" width="0" y2="-1.35" x2="1.6" y1="-1.35" x1="-1.6"/><wire layer="25" width="0" y2="1.35" x2="1.6" y1="-1.35" x1="1.6"/><wire layer="25" width="0" y2="1.35" x2="-1.6" y1="1.35" x1="1.6"/><wire layer="25" width="0" y2="-1.35" x2="-1.6" y1="1.35" x1="-1.6"/></package><package name="0201"><smd layer="1" dx="0.3556" dy="0.3302" y="0" x="-0.2921" name="1"/><smd layer="1" dx="0.3556" dy="0.3302" y="0" x="0.2921" name="2"/><wire layer="25" width="0" y2="0.1651" x2="-0.1143" y1="-0.1651" x1="-0.1143"/><wire layer="25" width="0" y2="0.1651" x2="-0.3175" y1="0.1651" x1="-0.1143"/><wire layer="25" width="0" y2="-0.1651" x2="-0.3175" y1="0.1651" x1="-0.3175"/><wire layer="25" width="0" y2="-0.1651" x2="-0.1143" y1="-0.1651" x1="-0.3175"/><wire layer="25" width="0" y2="-0.1651" x2="0.1143" y1="0.1651" x1="0.1143"/><wire layer="25" width="0" y2="-0.1651" x2="0.3175" y1="-0.1651" x1="0.1143"/><wire layer="25" width="0" y2="0.1651" x2="0.3175" y1="-0.1651" x1="0.3175"/><wire layer="25" width="0" y2="0.1651" x2="0.1143" y1="0.1651" x1="0.3175"/><wire layer="25" width="0" y2="-0.1651" x2="0.3175" y1="-0.1651" x1="-0.3175"/><wire layer="25" width="0" y2="0.1651" x2="0.3175" y1="-0.1651" x1="0.3175"/><wire layer="25" width="0" y2="0.1651" x2="-0.3175" y1="0.1651" x1="0.3175"/><wire layer="25" width="0" y2="-0.1651" x2="-0.3175" y1="0.1651" x1="-0.3175"/></package><package name="MK06A"><smd layer="1" dx="1.2192" dy="0.5334" y="0.95" x="-1.1684" name="1"/><wire layer="25" width="0" y2="1.1913" x2="-0.8763" y1="0.7087" x1="-0.8763"/><wire layer="25" width="0" y2="1.1913" x2="-1.4224" y1="1.1913" x1="-0.8763"/><wire layer="25" width="0" y2="0.7087" x2="-1.4224" y1="1.1913" x1="-1.4224"/><wire layer="25" width="0" y2="0.7087" x2="-0.8763" y1="0.7087" x1="-1.4224"/><smd layer="1" dx="1.2192" dy="0.5334" y="0" x="-1.1684" name="2"/><smd layer="1" dx="1.2192" dy="0.5334" y="-0.95" x="-1.1684" name="3"/><wire layer="25" width="0" y2="0.2413" x2="-0.8763" y1="-0.2413" x1="-0.8763"/><wire layer="25" width="0" y2="0.2413" x2="-1.4224" y1="0.2413" x1="-0.8763"/><wire layer="25" width="0" y2="-0.2413" x2="-1.4224" y1="0.2413" x1="-1.4224"/><wire layer="25" width="0" y2="-0.2413" x2="-0.8763" y1="-0.2413" x1="-1.4224"/><wire layer="25" width="0" y2="-0.7087" x2="-0.8763" y1="-1.1913" x1="-0.8763"/><wire layer="25" width="0" y2="-0.7087" x2="-1.4224" y1="-0.7087" x1="-0.8763"/><wire layer="25" width="0" y2="-1.1913" x2="-1.4224" y1="-0.7087" x1="-1.4224"/><wire layer="25" width="0" y2="-1.1913" x2="-0.8763" y1="-1.1913" x1="-1.4224"/><smd layer="1" dx="1.2192" dy="0.5334" y="-0.95" x="1.1684" name="4"/><smd layer="1" dx="1.2192" dy="0.5334" y="0" x="1.1684" name="5"/><smd layer="1" dx="1.2192" dy="0.5334" y="0.95" x="1.1684" name="6"/><wire layer="25" width="0" y2="-1.1913" x2="0.8763" y1="-0.7087" x1="0.8763"/><wire layer="25" width="0" y2="-1.1913" x2="1.4224" y1="-1.1913" x1="0.8763"/><wire layer="25" width="0" y2="-0.7087" x2="1.4224" y1="-1.1913" x1="1.4224"/><wire layer="25" width="0" y2="-0.7087" x2="0.8763" y1="-0.7087" x1="1.4224"/><wire layer="25" width="0" y2="-0.2413" x2="0.8763" y1="0.2413" x1="0.8763"/><wire layer="25" width="0" y2="-0.2413" x2="1.4224" y1="-0.2413" x1="0.8763"/><wire layer="25" width="0" y2="0.2413" x2="1.4224" y1="-0.2413" x1="1.4224"/><wire layer="25" width="0" y2="0.2413" x2="0.8763" y1="0.2413" x1="1.4224"/><wire layer="25" width="0" y2="0.7087" x2="0.8763" y1="1.1913" x1="0.8763"/><wire layer="25" width="0" y2="0.7087" x2="1.4224" y1="0.7087" x1="0.8763"/><wire layer="25" width="0" y2="1.1913" x2="1.4224" y1="0.7087" x1="1.4224"/><wire layer="25" width="0" y2="1.1913" x2="0.8763" y1="1.1913" x1="1.4224"/><wire layer="21" width="0.1524" y2="-1.5367" x2="0.4676" y1="-1.5367" x1="-0.4676"/><wire layer="21" width="0.1524" y2="1.5367" x2="-0.4676" y1="1.5367" x1="0.4676"/><wire layer="25" width="0" y2="-1.5367" x2="0.8763" y1="-1.5367" x1="-0.8763"/><wire layer="25" width="0" y2="1.5367" x2="0.8763" y1="-1.5367" x1="0.8763"/><wire layer="25" width="0" y2="1.5367" x2="-0.8763" y1="1.5367" x1="0.8763"/><wire layer="25" width="0" y2="-1.5367" x2="-0.8763" y1="1.5367" x1="-0.8763"/></package><package name="SOD-123F"><smd layer="1" dx="1.2" dy="1.2" y="0" x="-1.4" name="1"/><smd layer="1" dx="1.2" dy="1.2" y="0" x="1.4" name="2"/><wire layer="21" width="0.1778" y2="-1.0287" x2="2.0066" y1="-1.0287" x1="-2.3114"/><wire layer="21" width="0.1778" y2="1.0287" x2="2.0066" y1="1.0287" x1="-2.3114"/><wire layer="25" width="0.127" y2="1.0287" x2="2.0066" y1="1.0287" x1="-2.3114"/><wire layer="25" width="0.127" y2="-1.0287" x2="2.0066" y1="-1.0287" x1="-2.3114"/><wire layer="25" width="0.127" y2="1.0287" x2="2.0066" y1="-1.0287" x1="2.0066"/><polygon width="0.4604" layer="21"><vertex x="-2.6416" y="-1.1176"/><vertex x="-2.1336" y="-1.1176"/><vertex x="-2.1336" y="1.1176"/><vertex x="-2.6416" y="1.1176"/></polygon><polygon width="0.4604" layer="25"><vertex x="-2.6416" y="-1.1176"/><vertex x="-2.1336" y="-1.1176"/><vertex x="-2.1336" y="1.1176"/><vertex x="-2.6416" y="1.1176"/></polygon></package><package name="C0805C106K8PACTU"><smd layer="1" dx="1.1176" dy="1.4478" y="0" x="-0.9017" name="1"/><smd layer="1" dx="1.1176" dy="1.4478" y="0" x="0.9017" name="2"/><wire layer="25" width="0" y2="0.7239" x2="-0.3429" y1="-0.7239" x1="-0.3429"/><wire layer="25" width="0" y2="0.7239" x2="-1.1049" y1="0.7239" x1="-0.3429"/><wire layer="25" width="0" y2="-0.7239" x2="-1.1049" y1="0.7239" x1="-1.1049"/><wire layer="25" width="0" y2="-0.7239" x2="-0.3429" y1="-0.7239" x1="-1.1049"/><wire layer="25" width="0" y2="-0.7239" x2="0.3429" y1="0.7239" x1="0.3429"/><wire layer="25" width="0" y2="-0.7239" x2="1.1049" y1="-0.7239" x1="0.3429"/><wire layer="25" width="0" y2="0.7239" x2="1.1049" y1="-0.7239" x1="1.1049"/><wire layer="25" width="0" y2="0.7239" x2="0.3429" y1="0.7239" x1="1.1049"/><wire layer="25" width="0" y2="-0.7239" x2="1.1049" y1="-0.7239" x1="-1.1049"/><wire layer="25" width="0" y2="0.7239" x2="1.1049" y1="-0.7239" x1="1.1049"/><wire layer="25" width="0" y2="0.7239" x2="-1.1049" y1="0.7239" x1="1.1049"/><wire layer="25" width="0" y2="-0.7239" x2="-1.1049" y1="0.7239" x1="-1.1049"/></package><package name="ERJ-6ENF1652V"><smd layer="1" dx="1.1176" dy="1.4478" y="0" x="-0.9017" name="1"/><smd layer="1" dx="1.1176" dy="1.4478" y="0" x="0.9017" name="2"/><wire layer="25" width="0" y2="0.7239" x2="-0.3429" y1="-0.7239" x1="-0.3429"/><wire layer="25" width="0" y2="0.7239" x2="-1.1049" y1="0.7239" x1="-0.3429"/><wire layer="25" width="0" y2="-0.7239" x2="-1.1049" y1="0.7239" x1="-1.1049"/><wire layer="25" width="0" y2="-0.7239" x2="-0.3429" y1="-0.7239" x1="-1.1049"/><wire layer="25" width="0" y2="-0.7239" x2="0.3429" y1="0.7239" x1="0.3429"/><wire layer="25" width="0" y2="-0.7239" x2="1.1049" y1="-0.7239" x1="0.3429"/><wire layer="25" width="0" y2="0.7239" x2="1.1049" y1="-0.7239" x1="1.1049"/><wire layer="25" width="0" y2="0.7239" x2="0.3429" y1="0.7239" x1="1.1049"/><wire layer="25" width="0" y2="-0.7239" x2="1.1049" y1="-0.7239" x1="-1.1049"/><wire layer="25" width="0" y2="0.7239" x2="1.1049" y1="-0.7239" x1="1.1049"/><wire layer="25" width="0" y2="0.7239" x2="-1.1049" y1="0.7239" x1="1.1049"/><wire layer="25" width="0" y2="-0.7239" x2="-1.1049" y1="0.7239" x1="-1.1049"/></package></packages></library></libraries><designrules name="custom"><param name="layerSetup" value="((1*2)+(15*16))"/></designrules><elements><element rot="R90" y="40.4114" x="40.4876" value="" package="0805" library="ultra-librarian" name="Cb"><attribute align="bottom-left" display="value" layer="51" size="1.778" y="43.688" x="39.116" value="Cb" name="RefDes"/><attribute align="bottom-left" display="off" layer="51" size="1.778" y="43.688" x="39.116" value="CGA4C2C0G1H103J060AA" name="Type"/></element><element rot="R90" y="34.7726" x="60.6552" value="" package="6032-28" library="ultra-librarian" name="Cin"><attribute align="bottom-left" display="value" layer="51" size="1.778" y="37.211" x="60.452" value="Cin" name="RefDes"/><attribute align="bottom-left" display="off" layer="51" size="1.778" y="37.211" x="60.452" value="593D106X9025C2TE3" name="Type"/></element><element rot="SR270" y="43.6626" x="58.7756" value="" package="0805" library="ultra-librarian" name="Cout_1"/><element rot="SR270" y="43.6626" x="61.5188" value="" package="0805" library="ultra-librarian" name="Cout_2"/><element rot="R90" y="37.1856" x="74.295" value="" package="TP-5012" library="ultra-librarian" name="GND"><attribute align="bottom-left" display="value" layer="51" size="1.778" y="36.957" x="68.834" value="GND" name="RefDes"/><attribute align="bottom-left" display="off" layer="51" size="1.778" y="36.957" x="68.834" value="TP-5012" name="Type"/></element><element rot="R90" y="41.4782" x="74.295" value="" package="TP-5012" library="ultra-librarian" name="GND1"><attribute align="bottom-left" display="value" layer="51" size="1.778" y="41.275" x="68.199" value="GND1" name="RefDes"/><attribute align="bottom-left" display="off" layer="51" size="1.778" y="41.275" x="68.199" value="TP-5012" name="Type"/></element><element y="45.4152" x="50.292" value="" package="SRN3015" library="ultra-librarian" name="L1"><attribute align="bottom-left" display="value" layer="51" size="1.778" y="49.53" x="42.291" value="L1" name="RefDes"/><attribute align="bottom-left" display="off" layer="51" size="1.778" y="49.53" x="42.291" value="SRN3015-6R8M" name="Type"/></element><element y="29.4386" x="50.2412" value="" package="0201" library="ultra-librarian" name="Renable"><attribute align="bottom-left" display="value" layer="51" size="1.778" y="31.115" x="46.101" value="Renable" name="RefDes"/><attribute align="bottom-left" display="off" layer="51" size="1.778" y="31.115" x="46.101" value="RC0201FR-0710KL" name="Type"/></element><element rot="SR180" y="30.9118" x="43.4086" value="" package="0201" library="ultra-librarian" name="Rfb1"><attribute align="bottom-left" display="value" layer="51" size="1.778" y="30.48" x="35.56" value="Rfb1" name="RefDes"/><attribute align="bottom-left" display="off" layer="51" size="1.778" y="30.48" x="35.56" value="RC0201FR-0710KL" name="Type"/></element><element y="27.94" x="43.4848" value="" package="0805" library="ultra-librarian" name="Rfb2"><attribute align="bottom-left" display="value" layer="51" size="1.778" y="27.178" x="35.052" value="Rfb2" name="RefDes"/><attribute align="bottom-left" display="off" layer="51" size="1.778" y="27.178" x="35.052" value="ERJ-6ENF1652V" name="Type"/></element><element y="34.417" x="47.0154" value="" package="MK06A" library="ultra-librarian" name="U1"><attribute align="bottom-left" display="value" layer="51" size="1.778" y="36.068" x="43.18" value="U1" name="RefDes"/><attribute align="bottom-left" display="off" layer="51" size="1.778" y="36.068" x="43.18" value="LM2736XMK/NOPB" name="Type"/></element><element rot="R90" y="29.1846" x="74.295" value="" package="TP-5012" library="ultra-librarian" name="Vin"><attribute align="bottom-left" display="value" layer="51" size="1.778" y="31.75" x="71.374" value="Vin" name="RefDes"/><attribute align="bottom-left" display="off" layer="51" size="1.778" y="31.75" x="71.374" value="TP-5012" name="Type"/></element><element rot="R90" y="48.7172" x="74.295" value="" package="TP-5012" library="ultra-librarian" name="Vout"><attribute align="bottom-left" display="value" layer="51" size="1.778" y="48.387" x="67.691" value="Vout" name="RefDes"/><attribute align="bottom-left" display="off" layer="51" size="1.778" y="48.387" x="67.691" value="TP-5012" name="Type"/></element><element rot="R90" y="38.5826" x="29.6672" value="" package="TP-5012" library="ultra-librarian" name="Vsupply"><attribute align="bottom-left" display="value" layer="51" size="1.778" y="34.798" x="26.924" value="Vsupply" name="RefDes"/><attribute align="bottom-left" display="off" layer="51" size="1.778" y="34.798" x="26.924" value="TP-5012" name="Type"/></element><element y="39.4208" x="51.7652" value="" package="SOD-123F" library="ultra-librarian" name="D1"><attribute align="bottom-left" display="value" layer="51" size="1.778" y="35.56" x="52.451" value="D1" name="RefDes"/><attribute align="bottom-left" display="off" layer="51" size="1.778" y="35.56" x="52.451" value="MBR1020VL" name="Type"/></element></elements><signals><signal name="0"><wire layer="1" width="0.4572" y2="39.116" x2="58.801" y1="35.6362" x1="58.801"/><wire layer="1" width="0.4572" y2="37.211" x2="74.295" y1="35.6362" x1="72.7202"/><wire layer="1" width="0.4572" y2="35.6362" x2="72.7202" y1="35.6362" x1="58.801"/><wire layer="1" width="0.4572" y2="41.529" x2="74.295" y1="42.8244" x1="72.9742"/><wire layer="1" width="0.4572" y2="42.8244" x2="72.9742" y1="42.8244" x1="59.182"/><wire layer="1" width="0.4572" y2="33.274" x2="42.672" y1="31.0642" x1="42.672"/><wire layer="1" width="0.4572" y2="30.988" x2="42.5704" y1="30.988" x1="40.64"/><wire layer="1" width="0.4572" y2="33.909" x2="42.672" y1="33.274" x1="42.672"/><wire layer="1" width="0.4572" y2="34.3662" x2="43.1292" y1="33.909" x1="42.672"/><wire layer="1" width="0.4572" y2="34.3662" x2="45.5422" y1="34.3662" x1="43.1292"/><wire layer="1" width="0.4572" y2="42.8244" x2="59.182" y1="42.8244" x1="54.7624"/><wire layer="1" width="0.4572" y2="41.8084" x2="53.7464" y1="39.624" x1="53.7464"/><wire layer="1" width="0.4572" y2="42.8244" x2="54.7624" y1="41.8084" x1="53.7464"/><wire layer="1" width="0.254" y2="39.6113" x2="54.7624" y1="39.6113" x1="52.7304"/><polygon spacing="0.254" layer="1" width="0" rank="6"><vertex y="34.671" x="39.37"/><vertex y="29.464" x="39.37"/><vertex y="29.464" x="43.434"/><vertex y="34.036" x="43.434"/><vertex y="34.036" x="46.355"/><vertex y="34.671" x="46.355"/></polygon><polygon spacing="0.254" layer="1" width="0"><vertex y="43.561" x="76.962"/><vertex y="34.925" x="76.962"/><vertex y="34.925" x="50.546"/><vertex y="43.561" x="50.546"/></polygon><wire layer="16" width="0.4572" y2="36.195" x2="42.672" y1="35.052" x1="42.672"/><wire layer="16" width="0.4572" y2="35.052" x2="42.672" y1="33.274" x1="42.672"/><wire layer="16" width="0.4572" y2="39.116" x2="45.593" y1="36.195" x1="42.672"/><wire layer="16" width="0.4572" y2="39.116" x2="57.531" y1="39.116" x1="45.593"/><wire layer="16" width="0.4572" y2="39.116" x2="58.801" y1="39.116" x1="57.531"/><polygon spacing="0.254" layer="16" width="0" rank="6"><vertex y="25.908" x="76.962"/><vertex y="54.864" x="76.962"/><vertex y="54.864" x="25.908"/><vertex y="25.908" x="25.908"/></polygon><polygon spacing="0.254" layer="3" width="0" rank="5"><vertex y="54.864" x="76.962"/><vertex y="25.908" x="76.962"/><vertex y="25.908" x="25.908"/><vertex y="54.864" x="25.908"/></polygon><polygon spacing="0.254" layer="2" width="0" rank="5"><vertex y="54.864" x="76.962"/><vertex y="25.908" x="76.962"/><vertex y="25.908" x="25.908"/><vertex y="54.864" x="25.908"/></polygon><via shape="round" drill="0.7112" diameter="1.016" extent="1-16" y="39.116" x="58.801"/><via shape="round" drill="0.7112" diameter="1.016" extent="1-16" y="39.116" x="57.531"/><via shape="round" drill="0.7112" diameter="1.27" extent="1-16" y="30.988" x="40.64"/><via shape="round" drill="0.7112" diameter="1.143" extent="1-16" y="33.274" x="42.672"/><via shape="round" drill="0.7112" diameter="1.143" extent="1-16" y="33.274" x="40.386"/><via shape="round" drill="1.6002" diameter="2.2098" extent="1-16" y="41.529" x="74.295"/><via shape="round" drill="1.6002" diameter="2.2098" extent="1-16" y="37.211" x="74.295"/><contactref pad="2" element="Cin"/><contactref pad="2" element="Cout_1"/><contactref pad="2" element="Cout_2"/><contactref pad="1" element="GND"/><contactref pad="1" element="GND1"/><contactref pad="2" element="Rfb1"/><contactref pad="2" element="U1"/><contactref pad="2" element="D1"/></signal><signal name="1"><wire layer="1" width="0.4572" y2="33.9344" x2="71.9582" y1="33.9344" x1="58.801"/><wire layer="1" width="0.4572" y2="31.623" x2="74.295" y1="33.9344" x1="71.9582"/><wire layer="1" width="0.4572" y2="31.623" x2="74.295" y1="29.21" x1="74.295"/><wire layer="1" width="0.4572" y2="33.9344" x2="58.801" y1="29.845" x1="58.801"/><wire layer="1" width="0.4572" y2="29.464" x2="58.42" y1="29.464" x1="51.1302"/><wire layer="1" width="0.4572" y2="29.845" x2="58.801" y1="29.464" x1="58.42"/><wire layer="1" width="0.4572" y2="34.3662" x2="50.6984" y1="34.3662" x1="48.3362"/><wire layer="1" width="0.4572" y2="33.9344" x2="51.1302" y1="34.3662" x1="50.6984"/><wire layer="1" width="0.4572" y2="33.9344" x2="51.1302" y1="29.464" x1="51.1302"/><polygon spacing="0.254" layer="1" width="0" rank="2"><vertex y="28.702" x="50.4698"/><vertex y="30.2006" x="50.4698"/><vertex y="30.2006" x="51.7652"/><vertex y="28.702" x="51.7652"/></polygon><polygon spacing="0.254" layer="1" width="0" rank="4"><vertex y="34.671" x="76.962"/><vertex y="25.908" x="76.962"/><vertex y="25.908" x="50.546"/><vertex y="34.036" x="50.546"/><vertex y="34.036" x="47.752"/><vertex y="34.671" x="47.752"/></polygon><via shape="round" drill="1.6002" diameter="2.2098" extent="1-16" y="29.21" x="74.295"/><contactref pad="1" element="Cin"/><contactref pad="2" element="Renable"/><contactref pad="5" element="U1"/><contactref pad="1" element="Vin"/></signal><signal name="5"><wire layer="1" width="0.4572" y2="44.5262" x2="70.0532" y1="44.5262" x1="59.182"/><wire layer="1" width="0.4572" y2="48.768" x2="74.295" y1="44.5262" x1="70.0532"/><wire layer="1" width="0.4572" y2="27.94" x2="42.5704" y1="27.94" x1="40.64"/><wire layer="1" width="0.4572" y2="48.768" x2="59.182" y1="48.768" x1="52.8828"/><wire layer="1" width="0.4572" y2="48.768" x2="59.182" y1="44.5262" x1="59.182"/><polygon spacing="0.254" layer="1" width="0" rank="4"><vertex y="54.864" x="76.962"/><vertex y="43.815" x="76.962"/><vertex y="43.815" x="50.546"/><vertex y="54.864" x="50.546"/></polygon><wire layer="16" width="0.4572" y2="46.863" x2="76.2" y1="27.432" x1="76.2"/><wire layer="16" width="0.4572" y2="46.863" x2="76.2" y1="48.768" x1="74.295"/><wire layer="16" width="0.4572" y2="26.416" x2="42.164" y1="27.94" x1="40.64"/><wire layer="16" width="0.4572" y2="27.432" x2="76.2" y1="26.416" x1="75.184"/><wire layer="16" width="0.4572" y2="26.416" x2="75.184" y1="26.416" x1="42.164"/><via shape="round" drill="0.7112" diameter="1.27" extent="1-16" y="27.94" x="40.64"/><via shape="round" drill="0.7112" diameter="1.27" extent="1-16" y="48.768" x="59.182"/><via shape="round" drill="1.6002" diameter="2.2098" extent="1-16" y="48.768" x="74.295"/><contactref pad="1" element="Cout_1"/><contactref pad="1" element="Cout_2"/><contactref pad="2" element="L1"/><contactref pad="1" element="Rfb2"/><contactref pad="1" element="Vout"/></signal><signal name="7"><wire layer="1" width="0.4572" y2="33.0962" x2="49.4284" y1="29.464" x1="49.4284"/><wire layer="1" width="0.4572" y2="33.0962" x2="49.4284" y1="33.4264" x1="49.1236"/><wire layer="1" width="0.4572" y2="33.4264" x2="49.1236" y1="33.4264" x1="48.3362"/><polygon spacing="0.254" layer="1" width="0"><vertex y="28.702" x="48.768"/><vertex y="30.2006" x="48.768"/><vertex y="30.2006" x="50.0634"/><vertex y="28.702" x="50.0634"/></polygon><contactref pad="1" element="Renable"/><contactref pad="4" element="U1"/></signal><signal name="2"><wire layer="1" width="0.4572" y2="35.3314" x2="41.5036" y1="36.449" x1="40.386"/><wire layer="1" width="0.4572" y2="39.37" x2="40.386" y1="36.449" x1="40.386"/><wire layer="1" width="0.4572" y2="35.3314" x2="45.5422" y1="35.3314" x1="41.5036"/><wire layer="1" width="0.4572" y2="39.37" x2="39.116" y1="40.132" x1="38.354"/><wire layer="1" width="0.4572" y2="39.37" x2="40.386" y1="39.37" x1="39.116"/><wire layer="1" width="0.4572" y2="44.704" x2="38.354" y1="40.132" x1="38.354"/><wire layer="1" width="0.4572" y2="45.6184" x2="37.4142" y1="45.6184" x1="35.306"/><wire layer="1" width="0.4572" y2="45.212" x2="37.846" y1="45.6184" x1="37.4142"/><wire layer="1" width="0.4572" y2="44.704" x2="38.354" y1="45.6184" x1="37.4142"/><wire layer="1" width="0.254" y2="39.9542" x2="40.386" y1="38.7858" x1="40.386"/><polygon spacing="0.254" layer="1" width="0" rank="2"><vertex y="42.6974" x="33.655"/><vertex y="48.5394" x="33.655"/><vertex y="48.5394" x="36.957"/><vertex y="42.6974" x="36.957"/></polygon><contactref pad="1" element="Cb"/><contactref pad="1" element="U1"/></signal><signal name="15"><wire layer="1" width="0.762" y2="38.608" x2="35.2044" y1="38.608" x1="29.718"/><polygon spacing="0.254" layer="1" width="0" rank="3"><vertex y="35.7632" x="33.655"/><vertex y="41.6052" x="33.655"/><vertex y="41.6052" x="36.957"/><vertex y="35.7632" x="36.957"/></polygon><via shape="round" drill="1.6002" diameter="2.2098" extent="1-16" y="38.608" x="29.718"/><contactref pad="1" element="Vsupply"/></signal><signal name="4"><wire layer="1" width="0.4572" y2="30.988" x2="44.2722" y1="27.94" x1="44.2722"/><wire layer="1" width="0.4572" y2="33.4264" x2="45.5422" y1="33.4264" x1="44.8056"/><wire layer="1" width="0.4572" y2="33.4264" x2="44.8056" y1="32.893" x1="44.2722"/><wire layer="1" width="0.4572" y2="32.893" x2="44.2722" y1="30.988" x1="44.2722"/><polygon spacing="0.254" layer="1" width="0"><vertex y="30.226" x="43.6118"/><vertex y="31.7246" x="43.6118"/><vertex y="31.7246" x="44.9072"/><vertex y="30.226" x="44.9072"/></polygon><contactref pad="1" element="Rfb1"/><contactref pad="2" element="Rfb2"/><contactref pad="3" element="U1"/></signal><signal name="6"><wire layer="1" width="0.4572" y2="41.656" x2="42.164" y1="41.656" x1="40.386"/><wire layer="1" width="0.4572" y2="39.624" x2="46.8122" y1="39.624" x1="44.196"/><wire layer="1" width="0.4572" y2="39.624" x2="44.196" y1="41.656" x1="42.164"/><wire layer="1" width="0.4572" y2="39.624" x2="46.8122" y1="37.7444" x1="46.8122"/><wire layer="1" width="0.4572" y2="36.2204" x2="48.3362" y1="37.7444" x1="46.8122"/><wire layer="1" width="0.4572" y2="36.2204" x2="48.3362" y1="35.3314" x1="48.3362"/><wire layer="1" width="0.4572" y2="43.5102" x2="46.8122" y1="39.624" x1="46.8122"/><wire layer="1" width="0.4572" y2="48.768" x2="47.6758" y1="44.3738" x1="47.6758"/><wire layer="1" width="0.4572" y2="44.3738" x2="47.6758" y1="43.5102" x1="46.8122"/><wire layer="1" width="0.254" y2="42.2402" x2="40.386" y1="41.0718" x1="40.386"/><wire layer="1" width="0.254" y2="39.6113" x2="47.8028" y1="39.6113" x1="45.7708"/><polygon spacing="0.254" layer="1" width="0" rank="3"><vertex y="34.925" x="47.752"/><vertex y="34.925" x="50.038"/><vertex y="54.864" x="50.038"/><vertex y="54.864" x="42.418"/><vertex y="36.322" x="42.418"/><vertex y="36.322" x="47.752"/></polygon><contactref pad="2" element="Cb"/><contactref pad="1" element="L1"/><contactref pad="6" element="U1"/><contactref pad="1" element="D1"/></signal></signals></board></drawing></eagle>
