<eagle version="6.1"><drawing><settings><setting alwaysvectorfont="no" verticaltext="up"/></settings><grid distance="0.1" unitdist="inch" unit="inch" style="lines" multiple="1" display="no" altdistance="0.01" altunitdist="inch" altunit="inch"/><layers><layer number="91" name="Nets" color="2" fill="1" visible="yes" active="yes"/><layer number="92" name="Busses" color="1" fill="1" visible="yes" active="yes"/><layer number="93" name="Pins" color="2" fill="1" visible="no" active="yes"/><layer number="94" name="Symbols" color="4" fill="1" visible="yes" active="yes"/><layer number="95" name="Names" color="7" fill="1" visible="yes" active="yes"/><layer number="96" name="Values" color="7" fill="1" visible="yes" active="yes"/><layer number="97" name="Info" color="7" fill="1" visible="yes" active="yes"/><layer number="98" name="Guide" color="6" fill="1" visible="yes" active="yes"/></layers><schematic><libraries><library name="AcceleratedDesigns_Lib"><packages><package name="0805"><pad name="1" drill="0" y="0" x="-0.9017"/><pad name="2" drill="0" y="0" x="0.9017"/></package><package name="SOD-123F"><pad name="1" drill="0" y="0" x="-1.4"/><pad name="2" drill="0" y="0" x="1.4"/></package><package name="SRN3015"><pad name="1" drill="0" y="0" x="-1.2778"/><pad name="2" drill="0" y="0" x="1.2778"/></package><package name="0201"><pad name="1" drill="0" y="0" x="-0.2921"/><pad name="2" drill="0" y="0" x="0.2921"/></package><package name="MK06A"><pad name="1" drill="0" y="0.95" x="-1.1684"/><pad name="2" drill="0" y="0" x="-1.1684"/><pad name="3" drill="0" y="-0.95" x="-1.1684"/><pad name="4" drill="0" y="-0.95" x="1.1684"/><pad name="5" drill="0" y="0" x="1.1684"/><pad name="6" drill="0" y="0.95" x="1.1684"/></package><package name="0402"><pad name="1" drill="0" y="0" x="-0.4191"/><pad name="2" drill="0" y="0" x="0.4191"/></package><package name="WB_CURRENT_LOAD"><pad name="1" drill="0" y="0" x="0"/><pad name="2" drill="0" y="0" x="0"/></package><package name="WB_PRIMITIVE_BATTERY"><pad name="1" drill="0" y="0" x="0"/><pad name="2" drill="0" y="0" x="0"/></package><package name="WB_GND"><pad name="1" drill="0" y="0" x="0"/></package><package name="WB_BATTERY"><pad name="1" drill="0" y="0" x="0"/><pad name="2" drill="0" y="0" x="0"/></package></packages><symbols><symbol name="CGA4C2C0G1H103J060AA@1"><pin name="1@1" x="7.62" y="0" rot="MR0" direction="pas" length="short" visible="off" swaplevel="0"/><pin name="2@2" x="-7.62" y="0" rot="MR180" direction="pas" length="short" visible="off" swaplevel="0"/><wire x1="7.62" y1="0" x2="5.08" y2="0" width="0.1524" layer="94"/><wire x1="-7.62" y1="0" x2="-5.08" y2="0" width="0.1524" layer="94"/><wire x1="0.762" y1="-3.048" x2="0.762" y2="3.048" width="0.1524" layer="94"/><wire x1="-5.08" y1="0" x2="-0.762" y2="0" width="0.1524" layer="94"/><wire x1="0.762" y1="0" x2="5.08" y2="0" width="0.1524" layer="94"/><wire x1="-0.762" y1="-3.048" x2="-0.762" y2="3.048" width="0.1524" layer="94"/><text size="2" x="0" y="7.62" layer="95" align="center">&gt;NAME</text><text size="2" x="0" y="5.08" layer="96" align="center">&gt;VALUE</text></symbol><symbol name="C2012X5R1V226M125AC@1"><pin name="1@1" x="7.62" y="0" rot="MR0" direction="pas" length="short" visible="off" swaplevel="0"/><pin name="2@2" x="-7.62" y="0" rot="MR180" direction="pas" length="short" visible="off" swaplevel="0"/><wire x1="7.62" y1="0" x2="5.08" y2="0" width="0.1524" layer="94"/><wire x1="-7.62" y1="0" x2="-5.08" y2="0" width="0.1524" layer="94"/><wire x1="0.762" y1="-3.048" x2="0.762" y2="3.048" width="0.1524" layer="94"/><wire x1="-5.08" y1="0" x2="-0.762" y2="0" width="0.1524" layer="94"/><wire x1="0.762" y1="0" x2="5.08" y2="0" width="0.1524" layer="94"/><wire x1="-0.762" y1="-3.048" x2="-0.762" y2="3.048" width="0.1524" layer="94"/><text size="2" x="0" y="7.62" layer="95" align="center">&gt;NAME</text><text size="2" x="0" y="5.08" layer="96" align="center">&gt;VALUE</text></symbol><symbol name="WB_CURRENT_LOAD@1"><pin name="+@1" x="-7.62" y="0" rot="MR180" direction="pas" length="short" visible="off" swaplevel="0"/><pin name="-@2" x="7.62" y="0" rot="MR0" direction="pas" length="short" visible="off" swaplevel="0"/><wire cap="round" x1="-3.80144541893069" y1="6.11111003035226E-05" x2="-2.68631595182662" y2="-2.68638598005626" layer="94" curve="44.25835" width="0.1524"/><wire cap="round" x1="-2.7008340002096" y1="-2.70084492188432" x2="-3.010245531766E-05" y2="-3.82193519093877" layer="94" curve="44.8182" width="0.1524"/><wire cap="round" x1="-1.47901228405671E-05" y1="-3.81607473385618" x2="2.69671339012067" y2="-2.69667753776659" layer="94" curve="45.38076" width="0.1524"/><wire cap="round" x1="2.69020543466835" y1="-2.69018253944063" x2="3.80688023502889" y2="-1.58895406142942E-05" layer="94" curve="45.58721" width="0.1524"/><wire cap="round" x1="3.80144542387741" y1="-6.17958751984642E-05" x2="2.68631643327033" y2="2.68638549307261" layer="94" curve="44.25835" width="0.1524"/><wire cap="round" x1="2.70083237377049" y1="2.70084654561062" x2="2.78042467919214E-05" y2="3.82193519631281" layer="94" curve="44.8182" width="0.1524"/><wire cap="round" x1="1.57980194586995E-05" y1="3.81607473126472" x2="-2.69671268033746" y2="2.69667825335733" layer="94" curve="45.38076" width="0.1524"/><wire cap="round" x1="-2.69020543466835" y1="2.69018253944063" x2="-3.80688023502889" y2="1.58895406171733E-05" layer="94" curve="45.58721" width="0.1524"/><wire x1="7.62" y1="0" x2="3.81" y2="0" width="0.1524" layer="94"/><wire x1="-3.81" y1="0" x2="-7.62" y2="0" width="0.1524" layer="94"/><wire x1="0.762" y1="-1.778" x2="3.048" y2="0" width="0.1524" layer="94"/><wire x1="0.762" y1="1.778" x2="3.048" y2="0" width="0.1524" layer="94"/><wire x1="3.048" y1="0" x2="-3.048" y2="0" width="0.1524" layer="94"/></symbol><symbol name="MBR1020VL@1"><pin name="A@1" x="7.62" y="0" rot="MR0" direction="pas" length="short" visible="both" swaplevel="0"/><pin name="K@2" x="-7.62" y="0" rot="MR180" direction="pas" length="short" visible="both" swaplevel="0"/><wire x1="-7.62" y1="0" x2="7.62" y2="0" width="0.1524" layer="94"/><polygon width="0.1524" layer="94"><vertex x="2.032" y="2.54"/><vertex x="-2.032" y="0"/><vertex x="2.032" y="-2.54"/></polygon><wire x1="-2.794" y1="2.032" x2="-2.794" y2="2.54" width="0.1524" layer="94"/><wire x1="-2.794" y1="2.54" x2="-2.032" y2="2.54" width="0.1524" layer="94"/><wire x1="-2.032" y1="2.54" x2="-2.032" y2="-2.54" width="0.1524" layer="94"/><wire x1="-2.032" y1="-2.54" x2="-1.27" y2="-2.54" width="0.1524" layer="94"/><wire x1="-1.27" y1="-2.54" x2="-1.27" y2="-2.032" width="0.1524" layer="94"/><text size="2" x="0" y="0" layer="95" align="center">&gt;NAME</text><text size="2" x="0" y="0" layer="96" align="center">&gt;VALUE</text></symbol><symbol name="SS14FL@1"><pin name="A@1" x="7.62" y="0" rot="MR0" direction="pas" length="short" visible="both" swaplevel="0"/><pin name="K@2" x="-7.62" y="0" rot="MR180" direction="pas" length="short" visible="both" swaplevel="0"/><wire x1="-7.62" y1="0" x2="7.62" y2="0" width="0.1524" layer="94"/><polygon width="0.1524" layer="94"><vertex x="2.032" y="2.54"/><vertex x="-2.032" y="0"/><vertex x="2.032" y="-2.54"/></polygon><wire x1="-2.794" y1="2.032" x2="-2.794" y2="2.54" width="0.1524" layer="94"/><wire x1="-2.794" y1="2.54" x2="-2.032" y2="2.54" width="0.1524" layer="94"/><wire x1="-2.032" y1="2.54" x2="-2.032" y2="-2.54" width="0.1524" layer="94"/><wire x1="-2.032" y1="-2.54" x2="-1.27" y2="-2.54" width="0.1524" layer="94"/><wire x1="-1.27" y1="-2.54" x2="-1.27" y2="-2.032" width="0.1524" layer="94"/><text size="2" x="0" y="0" layer="95" align="center">&gt;NAME</text><text size="2" x="0" y="0" layer="96" align="center">&gt;VALUE</text></symbol><symbol name="WB_PRIMITIVE_BATTERY@1"><pin name="+@1" x="-7.62" y="0" rot="MR180" direction="pas" length="short" visible="off" swaplevel="0"/><pin name="-@2" x="7.62" y="0" rot="MR0" direction="pas" length="short" visible="off" swaplevel="0"/><wire x1="-2.032" y1="0" x2="-7.62" y2="0" width="0.1524" layer="94"/><wire x1="-1.778" y1="-3.048" x2="-1.778" y2="3.048" width="0.1524" layer="94"/><wire x1="1.016" y1="-3.048" x2="1.016" y2="3.048" width="0.1524" layer="94"/><wire x1="7.62" y1="0" x2="2.794" y2="0" width="0.1524" layer="94"/><wire x1="-0.508" y1="-1.27" x2="-0.508" y2="1.27" width="0.1524" layer="94"/><wire x1="-0.254" y1="-1.27" x2="-0.254" y2="1.27" width="0.1524" layer="94"/><wire x1="-3.556" y1="2.286" x2="-3.556" y2="3.81" width="0.1524" layer="94"/><wire x1="-2.794" y1="3.048" x2="-4.318" y2="3.048" width="0.1524" layer="94"/><wire x1="3.302" y1="2.54" x2="3.302" y2="3.81" width="0.1524" layer="94"/><wire x1="2.54" y1="-1.27" x2="2.54" y2="1.27" width="0.1524" layer="94"/><wire x1="2.286" y1="-1.27" x2="2.286" y2="1.27" width="0.1524" layer="94"/><text size="2" x="0" y="6.985" layer="95" align="center">&gt;NAME</text><text size="2" x="0" y="5.08" layer="96" align="center">&gt;VALUE</text></symbol><symbol name="SRN3015-6R8M@1"><pin name="2@2" x="7.62" y="0" rot="MR0" direction="pas" length="short" visible="off" swaplevel="0"/><pin name="1@1" x="-7.62" y="0" rot="MR180" direction="pas" length="short" visible="off" swaplevel="0"/><wire cap="round" x1="2.70086965376353" y1="0.835686125023295" x2="2.5488127292636" y2="-6.24799789495706E-04" layer="94" curve="12.47546" width="0.1524"/><wire cap="round" x1="3.80990829544782" y1="1.85597139451402" x2="2.69064524918793" y2="0.838459388755286" layer="94" curve="78.62357" width="0.1524"/><wire cap="round" x1="4.90450120907934" y1="0.838494459997258" x2="3.81012877640754" y2="1.85651641360845" layer="94" curve="79.52696" width="0.1524"/><wire cap="round" x1="5.08194212297714" y1="7.65933497371016E-02" x2="4.90412159312222" y2="0.838683789637753" layer="94" curve="2.683002" width="0.1524"/><wire x1="5.08" y1="7.32740090825246E-14" x2="7.62" y2="8.71708039085205E-14" width="0.1524" layer="94"/><wire cap="round" x1="0.160869647012591" y1="0.835686120495971" x2="8.81272251266148E-03" y2="-6.24804316819648E-04" layer="94" curve="12.47546" width="0.1524"/><wire cap="round" x1="1.26990852880952" y1="1.85597126998469" x2="0.150645552335143" y2="0.838459735984588" layer="94" curve="78.62355" width="0.1524"/><wire cap="round" x1="2.36450120579728" y1="0.838494428025542" x2="1.27012877312548" y2="1.85651638163673" layer="94" curve="79.52696" width="0.1524"/><wire cap="round" x1="2.53556331240561" y1="-0.177885354456139" x2="2.35799865867502" y2="0.83677165558159" layer="94" curve="17.67289" width="0.1524"/><wire cap="round" x1="-2.37913022471952" y1="0.835686100537919" x2="-2.53118714921945" y2="-6.24824274872179E-04" layer="94" curve="12.47546" width="0.1524"/><wire cap="round" x1="-1.27009153439261" y1="1.85597127646014" x2="-2.38935453412885" y2="0.838459585207164" layer="94" curve="78.62356" width="0.1524"/><wire cap="round" x1="-0.17549876466415" y1="0.838494473537584" x2="-1.26987119733595" y2="1.85651642714878" layer="94" curve="79.52696" width="0.1524"/><wire cap="round" x1="-4.43666361586885E-03" y1="-0.177885358125391" x2="-0.182001317346461" y2="0.836771651912338" layer="94" curve="17.67289" width="0.1524"/><wire x1="-7.62" y1="1.31748834064638E-14" x2="-5.08" y2="1.3716316971113E-14" width="0.1524" layer="94"/><wire cap="round" x1="-4.91913036648931" y1="0.835686111441321" x2="-5.07118729098924" y2="-6.2481337147006E-04" layer="94" curve="12.47546" width="0.1524"/><wire cap="round" x1="-3.81009141933233" y1="1.85597124231149" x2="-4.9293543958067" y2="0.838459708311387" layer="94" curve="78.62355" width="0.1524"/><wire cap="round" x1="-2.71549867276639" y1="0.838494472482158" x2="-3.80987126078252" y2="1.85651643468738" layer="94" curve="79.52697" width="0.1524"/><wire cap="round" x1="-2.54443665882017" y1="-0.177885354014588" x2="-2.72200131255076" y2="0.836771656023141" layer="94" curve="17.67289" width="0.1524"/><wire cap="round" x1="-2.54499763137906" y1="2.51755460236626E-03" x2="-2.54499765572502" y2="-0.180317541662839" layer="94" curve="53.47319" width="0.1524"/><wire cap="round" x1="-4.99761237348031E-03" y1="2.51757271580121E-03" x2="-4.9976367194459E-03" y2="-0.180317523549404" layer="94" curve="53.47319" width="0.1524"/><wire cap="round" x1="2.53500243197289" y1="2.51757460827418E-03" x2="2.53500238936746" y2="-0.180317485409697" layer="94" curve="53.47318" width="0.1524"/><text size="2" x="0" y="5.715" layer="95" align="center">&gt;NAME</text><text size="2" x="0" y="3.175" layer="96" align="center">&gt;VALUE</text></symbol><symbol name="WB_GND@1"><pin name="1@1" x="0" y="2.54" rot="MR270" direction="pas" length="short" visible="off" swaplevel="0"/><wire x1="0" y1="2.54" x2="0" y2="0" width="0.1524" layer="94"/><wire x1="-3.302" y1="0" x2="3.302" y2="0" width="0.1524" layer="94"/><wire x1="-2.286" y1="-1.016" x2="2.286" y2="-1.016" width="0.1524" layer="94"/><wire x1="-0.762" y1="-2.032" x2="0.762" y2="-2.032" width="0.1524" layer="94"/></symbol><symbol name="LM2736XMK/NOPB@1"><pin name="BOOST@1" x="25.4" y="7.62" rot="MR0" direction="pas" length="short" visible="both" swaplevel="0"/><pin name="GND@2" x="0" y="-15.24" rot="MR90" direction="pas" length="short" visible="both" swaplevel="0"/><pin name="FB@3" x="-5.08" y="15.24" rot="MR270" direction="pas" length="short" visible="both" swaplevel="0"/><pin name="EN@4" x="-25.4" y="-5.08" rot="MR180" direction="pas" length="short" visible="both" swaplevel="0"/><pin name="VIN@5" x="-25.4" y="7.62" rot="MR180" direction="pas" length="short" visible="both" swaplevel="0"/><pin name="SW@6" x="25.4" y="-5.08" rot="MR0" direction="pas" length="short" visible="both" swaplevel="0"/><wire x1="-22.86" y1="12.7" x2="22.86" y2="12.7" width="0.1524" layer="94"/><wire x1="22.86" y1="12.7" x2="22.86" y2="-12.7" width="0.1524" layer="94"/><wire x1="22.86" y1="-12.7" x2="-22.86" y2="-12.7" width="0.1524" layer="94"/><wire x1="-22.86" y1="-12.7" x2="-22.86" y2="12.7" width="0.1524" layer="94"/><wire x1="-25.4" y1="7.62" x2="-22.86" y2="7.62" width="0.1524" layer="94"/><wire x1="-5.08" y1="15.24" x2="-5.08" y2="12.7" width="0.1524" layer="94"/><wire x1="25.4" y1="7.62" x2="22.86" y2="7.62" width="0.1524" layer="94"/><wire x1="25.4" y1="-5.08" x2="22.86" y2="-5.08" width="0.1524" layer="94"/><wire x1="0" y1="-15.24" x2="0" y2="-12.7" width="0.1524" layer="94"/><wire x1="-25.4" y1="-5.08" x2="-22.86" y2="-5.08" width="0.1524" layer="94"/><text size="2" x="0" y="2.54" layer="95" align="center">&gt;NAME</text><text size="2" x="0" y="0" layer="96" align="center">&gt;VALUE</text></symbol><symbol name="RC0201FR-0710KL@1"><pin name="1@1" x="7.62" y="0" rot="MR0" direction="pas" length="short" visible="off" swaplevel="0"/><pin name="2@2" x="-7.62" y="0" rot="MR180" direction="pas" length="short" visible="off" swaplevel="0"/><wire x1="7.62" y1="0" x2="5.08" y2="0" width="0.1524" layer="94"/><wire x1="5.08" y1="0" x2="3.81" y2="1.524" width="0.1524" layer="94"/><wire x1="3.81" y1="1.524" x2="1.905" y2="-1.524" width="0.1524" layer="94"/><wire x1="1.905" y1="-1.524" x2="0" y2="1.524" width="0.1524" layer="94"/><wire x1="0" y1="1.524" x2="-1.905" y2="-1.524" width="0.1524" layer="94"/><wire x1="-1.905" y1="-1.524" x2="-3.81" y2="1.524" width="0.1524" layer="94"/><wire x1="-3.81" y1="1.524" x2="-5.08" y2="0" width="0.1524" layer="94"/><wire x1="-5.08" y1="0" x2="-7.62" y2="0" width="0.1524" layer="94"/><text size="2" x="0" y="5.715" layer="95" align="center">&gt;NAME</text><text size="2" x="0" y="3.175" layer="96" align="center">&gt;VALUE</text></symbol><symbol name="CRCW040234K0FKED@1"><pin name="1@1" x="7.62" y="0" rot="MR0" direction="pas" length="short" visible="off" swaplevel="0"/><pin name="2@2" x="-7.62" y="0" rot="MR180" direction="pas" length="short" visible="off" swaplevel="0"/><wire x1="7.62" y1="0" x2="5.08" y2="0" width="0.1524" layer="94"/><wire x1="5.08" y1="0" x2="3.81" y2="1.524" width="0.1524" layer="94"/><wire x1="3.81" y1="1.524" x2="1.905" y2="-1.524" width="0.1524" layer="94"/><wire x1="1.905" y1="-1.524" x2="0" y2="1.524" width="0.1524" layer="94"/><wire x1="0" y1="1.524" x2="-1.905" y2="-1.524" width="0.1524" layer="94"/><wire x1="-1.905" y1="-1.524" x2="-3.81" y2="1.524" width="0.1524" layer="94"/><wire x1="-3.81" y1="1.524" x2="-5.08" y2="0" width="0.1524" layer="94"/><wire x1="-5.08" y1="0" x2="-7.62" y2="0" width="0.1524" layer="94"/><text size="2" x="0" y="5.715" layer="95" align="center">&gt;NAME</text><text size="2" x="0" y="3.175" layer="96" align="center">&gt;VALUE</text></symbol><symbol name="WB_BATTERY@1"><pin name="+@1" x="-7.62" y="0" rot="MR180" direction="pas" length="short" visible="off" swaplevel="0"/><pin name="-@2" x="7.62" y="0" rot="MR0" direction="pas" length="short" visible="off" swaplevel="0"/><wire x1="-2.032" y1="0" x2="-7.62" y2="0" width="0.1524" layer="94"/><wire x1="-1.778" y1="-3.048" x2="-1.778" y2="3.048" width="0.1524" layer="94"/><wire x1="1.016" y1="-3.048" x2="1.016" y2="3.048" width="0.1524" layer="94"/><wire x1="7.62" y1="0" x2="2.794" y2="0" width="0.1524" layer="94"/><wire x1="-0.508" y1="-1.27" x2="-0.508" y2="1.27" width="0.1524" layer="94"/><wire x1="-0.254" y1="-1.27" x2="-0.254" y2="1.27" width="0.1524" layer="94"/><wire x1="-3.556" y1="2.286" x2="-3.556" y2="3.81" width="0.1524" layer="94"/><wire x1="-2.794" y1="3.048" x2="-4.318" y2="3.048" width="0.1524" layer="94"/><wire x1="3.302" y1="2.54" x2="3.302" y2="3.81" width="0.1524" layer="94"/><wire x1="2.54" y1="-1.27" x2="2.54" y2="1.27" width="0.1524" layer="94"/><wire x1="2.286" y1="-1.27" x2="2.286" y2="1.27" width="0.1524" layer="94"/><text size="2" x="0" y="5.08" layer="95" align="center">&gt;NAME</text></symbol><symbol name="C0805C106K8PACTU@1"><pin name="1@1" x="7.62" y="0" rot="MR0" direction="pas" length="short" visible="off" swaplevel="0"/><pin name="2@2" x="-7.62" y="0" rot="MR180" direction="pas" length="short" visible="off" swaplevel="0"/><wire x1="7.62" y1="0" x2="5.08" y2="0" width="0.1524" layer="94"/><wire x1="-7.62" y1="0" x2="-5.08" y2="0" width="0.1524" layer="94"/><wire x1="0.762" y1="-3.048" x2="0.762" y2="3.048" width="0.1524" layer="94"/><wire x1="-5.08" y1="0" x2="-0.762" y2="0" width="0.1524" layer="94"/><wire x1="0.762" y1="0" x2="5.08" y2="0" width="0.1524" layer="94"/><wire x1="-0.762" y1="-3.048" x2="-0.762" y2="3.048" width="0.1524" layer="94"/><text size="2" x="0" y="7.62" layer="95" align="center">&gt;NAME</text><text size="2" x="0" y="5.08" layer="96" align="center">&gt;VALUE</text></symbol></symbols><devicesets><deviceset name="CGA4C2C0G1H103J060AA" prefix=""><gates><gate name="1" addlevel="always" y="0" x="0" symbol="CGA4C2C0G1H103J060AA@1"/></gates><devices><device name="CGA4C2C0G1H103J060AA" package="0805"><connects><connect pad="1" pin="1@1" gate="1"/><connect pad="2" pin="2@2" gate="1"/></connects><technologies><technology name=""><attribute name="Datasheet_URL" value="http://product.tdk.com/capacitor/mlcc/en/documents/mlcc%5Fautomotive%5Fgeneral%5Fen.pdf" constant="no"/><attribute name="Cap" value="1.0E-8" constant="no"/><attribute name="ESR" value="0.0" constant="no"/><attribute name="IRMS" value="0.0" constant="no"/><attribute name="VDC" value="50.0" constant="no"/><attribute name="Manufacturer_Part_Number" value="CGA4C2C0G1H103J060AA" constant="no"/><attribute name="Vendor" value="TDK" constant="no"/><attribute name="Manufacturer_Name" value="TDK" constant="no"/></technology></technologies></device></devices></deviceset><deviceset name="C2012X5R1V226M125AC" prefix=""><gates><gate name="1" addlevel="always" y="0" x="0" symbol="C2012X5R1V226M125AC@1"/></gates><devices><device name="C2012X5R1V226M125AC" package="0805"><connects><connect pad="1" pin="1@1" gate="1"/><connect pad="2" pin="2@2" gate="1"/></connects><technologies><technology name=""><attribute name="Datasheet_URL" value="https://product.tdk.com/en/search/capacitor/ceramic/mlcc/info?part%5Fno%3DC2012X5R1V226M125AC" constant="no"/><attribute name="Cap" value="2.2E-5" constant="no"/><attribute name="ESR" value="0.00205" constant="no"/><attribute name="IRMS" value="4.55587" constant="no"/><attribute name="VDC" value="35.0" constant="no"/><attribute name="Manufacturer_Part_Number" value="C2012X5R1V226M125AC" constant="no"/><attribute name="Vendor" value="TDK" constant="no"/><attribute name="Manufacturer_Name" value="TDK" constant="no"/></technology></technologies></device></devices></deviceset><deviceset name="WB_CURRENT_LOAD" prefix=""><gates><gate name="1" addlevel="always" y="0" x="0" symbol="WB_CURRENT_LOAD@1"/></gates><devices><device name="WB_CURRENT_LOAD" package="WB_CURRENT_LOAD"><connects><connect pad="1" pin="+@1" gate="1"/><connect pad="2" pin="-@2" gate="1"/></connects><technologies><technology name=""><attribute name="Value" value="Value" constant="no"/><attribute name="Manufacturer_Part_Number" value="WB_CURRENT_LOAD" constant="no"/><attribute name="Manufacturer_Name" value="WB_CURRENT_LOAD" constant="no"/><attribute name="PowerPortType" value="POWER_GROUND" constant="no"/></technology></technologies></device></devices></deviceset><deviceset name="MBR1020VL" prefix=""><gates><gate name="1" addlevel="always" y="0" x="0" symbol="MBR1020VL@1"/></gates><devices><device name="MBR1020VL" package="SOD-123F"><connects><connect pad="2" pin="A@1" gate="1"/><connect pad="1" pin="K@2" gate="1"/></connects><technologies><technology name=""><attribute name="Datasheet_URL" value="https://www.fairchildsemi.com/datasheets/MB/MBR1020VL.pdf" constant="no"/><attribute name="Io" value="1.0" constant="no"/><attribute name="VRRM" value="20.0" constant="no"/><attribute name="VFatIo" value="0.34" constant="no"/><attribute name="Manufacturer_Part_Number" value="MBR1020VL" constant="no"/><attribute name="Vendor" value="Fairchild Semiconductor" constant="no"/><attribute name="Manufacturer_Name" value="Fairchild Semiconductor" constant="no"/></technology></technologies></device></devices></deviceset><deviceset name="SS14FL" prefix=""><gates><gate name="1" addlevel="always" y="0" x="0" symbol="SS14FL@1"/></gates><devices><device name="SS14FL" package="SOD-123F"><connects><connect pad="2" pin="A@1" gate="1"/><connect pad="1" pin="K@2" gate="1"/></connects><technologies><technology name=""><attribute name="Datasheet_URL" value="https://www.fairchildsemi.com/datasheets/SS/SS13FL.pdf" constant="no"/><attribute name="Io" value="1.0" constant="no"/><attribute name="VRRM" value="40.0" constant="no"/><attribute name="VFatIo" value="0.55" constant="no"/><attribute name="Manufacturer_Part_Number" value="SS14FL" constant="no"/><attribute name="Vendor" value="Fairchild Semiconductor" constant="no"/><attribute name="Manufacturer_Name" value="Fairchild Semiconductor" constant="no"/></technology></technologies></device></devices></deviceset><deviceset name="WB_PRIMITIVE_BATTERY" prefix=""><gates><gate name="1" addlevel="always" y="0" x="0" symbol="WB_PRIMITIVE_BATTERY@1"/></gates><devices><device name="WB_PRIMITIVE_BATTERY" package="WB_PRIMITIVE_BATTERY"><connects><connect pad="1" pin="+@1" gate="1"/><connect pad="2" pin="-@2" gate="1"/></connects><technologies><technology name=""><attribute name="Value" value="Value" constant="no"/><attribute name="Manufacturer_Part_Number" value="WB_PRIMITIVE_BATTERY" constant="no"/><attribute name="Manufacturer_Name" value="WB_PRIMITIVE_BATTERY" constant="no"/><attribute name="PowerPortType" value="POWER_GROUND" constant="no"/></technology></technologies></device></devices></deviceset><deviceset name="SRN3015-6R8M" prefix=""><gates><gate name="1" addlevel="always" y="0" x="0" symbol="SRN3015-6R8M@1"/></gates><devices><device name="SRN3015-6R8M" package="SRN3015"><connects><connect pad="1" pin="1@1" gate="1"/><connect pad="2" pin="2@2" gate="1"/></connects><technologies><technology name=""><attribute name="Datasheet_URL" value="http://www.bourns.com/data/global/pdfs/SRN3015.pdf" constant="no"/><attribute name="L" value="6.8E-6" constant="no"/><attribute name="DCR" value="0.211" constant="no"/><attribute name="IDC" value="1.05" constant="no"/><attribute name="Manufacturer_Part_Number" value="SRN3015-6R8M" constant="no"/><attribute name="Vendor" value="Bourns" constant="no"/><attribute name="Manufacturer_Name" value="Bourns" constant="no"/></technology></technologies></device></devices></deviceset><deviceset name="WB_GND" prefix=""><gates><gate name="1" addlevel="always" y="0" x="0" symbol="WB_GND@1"/></gates><devices><device name="WB_GND" package="WB_GND"><connects><connect pad="1" pin="1@1" gate="1"/></connects><technologies><technology name=""><attribute name="Value" value="Value" constant="no"/><attribute name="Manufacturer_Part_Number" value="WB_GND" constant="no"/><attribute name="Manufacturer_Name" value="WB_GND" constant="no"/><attribute name="PowerPortType" value="POWER_GROUND" constant="no"/></technology></technologies></device></devices></deviceset><deviceset name="LM2736XMK/NOPB" prefix=""><gates><gate name="1" addlevel="always" y="0" x="0" symbol="LM2736XMK/NOPB@1"/></gates><devices><device name="LM2736XMK/NOPB" package="MK06A"><connects><connect pad="1" pin="BOOST@1" gate="1"/><connect pad="2" pin="GND@2" gate="1"/><connect pad="3" pin="FB@3" gate="1"/><connect pad="4" pin="EN@4" gate="1"/><connect pad="5" pin="VIN@5" gate="1"/><connect pad="6" pin="SW@6" gate="1"/></connects><technologies><technology name=""><attribute name="Datasheet_URL" value="http://www.ti.com/product/lm2736x" constant="no"/><attribute name="Frequency" value="1600000.0" constant="no"/><attribute name="Imax" value="0.75" constant="no"/><attribute name="Package" value="NA" constant="no"/><attribute name="Mktg_Package" value="NA" constant="no"/><attribute name="NSID" value="LM2736XMK/NOPB" constant="no"/><attribute name="Manufacturer_Part_Number" value="LM2736XMK/NOPB" constant="no"/><attribute name="Vendor" value="Texas Instruments" constant="no"/><attribute name="Manufacturer_Name" value="Texas Instruments" constant="no"/></technology></technologies></device></devices></deviceset><deviceset name="RC0201FR-0710KL" prefix=""><gates><gate name="1" addlevel="always" y="0" x="0" symbol="RC0201FR-0710KL@1"/></gates><devices><device name="RC0201FR-0710KL" package="0201"><connects><connect pad="1" pin="1@1" gate="1"/><connect pad="2" pin="2@2" gate="1"/></connects><technologies><technology name=""><attribute name="Datasheet_URL" value="http://www.yageo.com/documents/recent/PYu%2DRC%5FGroup%5F51%5FRoHS%5FL%5F5.pdf" constant="no"/><attribute name="Resistance" value="10000.0" constant="no"/><attribute name="Power" value="0.05" constant="no"/><attribute name="Tolerance" value="1.0" constant="no"/><attribute name="Manufacturer_Part_Number" value="RC0201FR-0710KL" constant="no"/><attribute name="Vendor" value="Yageo America" constant="no"/><attribute name="Manufacturer_Name" value="Yageo" constant="no"/></technology></technologies></device></devices></deviceset><deviceset name="CRCW040234K0FKED" prefix=""><gates><gate name="1" addlevel="always" y="0" x="0" symbol="CRCW040234K0FKED@1"/></gates><devices><device name="CRCW040234K0FKED" package="0402"><connects><connect pad="1" pin="1@1" gate="1"/><connect pad="2" pin="2@2" gate="1"/></connects><technologies><technology name=""><attribute name="Resistance" value="34000.0" constant="no"/><attribute name="Power" value="0.063" constant="no"/><attribute name="Tolerance" value="1.0" constant="no"/><attribute name="Manufacturer_Part_Number" value="CRCW040234K0FKED" constant="no"/><attribute name="Vendor" value="Vishay-Dale" constant="no"/><attribute name="Manufacturer_Name" value="Vishay-Dale" constant="no"/></technology></technologies></device></devices></deviceset><deviceset name="WB_BATTERY" prefix=""><gates><gate name="1" addlevel="always" y="0" x="0" symbol="WB_BATTERY@1"/></gates><devices><device name="WB_BATTERY" package="WB_BATTERY"><connects><connect pad="1" pin="+@1" gate="1"/><connect pad="2" pin="-@2" gate="1"/></connects><technologies><technology name=""><attribute name="Value" value="Value" constant="no"/><attribute name="Manufacturer_Part_Number" value="WB_BATTERY" constant="no"/><attribute name="Manufacturer_Name" value="WB_BATTERY" constant="no"/><attribute name="PowerPortType" value="POWER_GROUND" constant="no"/></technology></technologies></device></devices></deviceset><deviceset name="C0805C106K8PACTU" prefix=""><gates><gate name="1" addlevel="always" y="0" x="0" symbol="C0805C106K8PACTU@1"/></gates><devices><device name="C0805C106K8PACTU" package="0805"><connects><connect pad="1" pin="1@1" gate="1"/><connect pad="2" pin="2@2" gate="1"/></connects><technologies><technology name=""><attribute name="Cap" value="1.0E-5" constant="no"/><attribute name="ESR" value="0.0030" constant="no"/><attribute name="IRMS" value="11.43" constant="no"/><attribute name="VDC" value="10.0" constant="no"/><attribute name="Manufacturer_Part_Number" value="C0805C106K8PACTU" constant="no"/><attribute name="Vendor" value="Kemet" constant="no"/><attribute name="Manufacturer_Name" value="Kemet" constant="no"/></technology></technologies></device></devices></deviceset></devicesets></library></libraries><attributes/><variantdefs/><classes><class number="0" name="default" width="0" drill="0"/></classes><parts><part name="CB" library="AcceleratedDesigns_Lib" device="CGA4C2C0G1H103J060AA" deviceset="CGA4C2C0G1H103J060AA" value="10nF"/><part name="CIN" library="AcceleratedDesigns_Lib" device="C2012X5R1V226M125AC" deviceset="C2012X5R1V226M125AC" value="22uF"/><part name="COUT" library="AcceleratedDesigns_Lib" device="C0805C106K8PACTU" deviceset="C0805C106K8PACTU" value="10uF"/><part name="D1" library="AcceleratedDesigns_Lib" device="MBR1020VL" deviceset="MBR1020VL" value="340mV"/><part name="DBOOST" library="AcceleratedDesigns_Lib" device="SS14FL" deviceset="SS14FL" value="550mV"/><part name="GND" library="AcceleratedDesigns_Lib" device="WB_GND" deviceset="WB_GND" value="WB_GND"/><part name="GND2" library="AcceleratedDesigns_Lib" device="WB_GND" deviceset="WB_GND" value="WB_GND"/><part name="L1" library="AcceleratedDesigns_Lib" device="SRN3015-6R8M" deviceset="SRN3015-6R8M" value="6.8uH"/><part name="RENABLE" library="AcceleratedDesigns_Lib" device="RC0201FR-0710KL" deviceset="RC0201FR-0710KL" value="10k"/><part name="U1" library="AcceleratedDesigns_Lib" device="LM2736XMK/NOPB" deviceset="LM2736XMK/NOPB" value="LM2736XMK/NOPB"/><part name="VSUPPLY" library="AcceleratedDesigns_Lib" device="WB_PRIMITIVE_BATTERY" deviceset="WB_PRIMITIVE_BATTERY" value="WB_PRIMITIVE_BATTERY"/><part name="GND_12" library="AcceleratedDesigns_Lib" device="WB_GND" deviceset="WB_GND" value="WB_GND"/><part name="RFB1" library="AcceleratedDesigns_Lib" device="RC0201FR-0710KL" deviceset="RC0201FR-0710KL" value="10k"/><part name="RFB2" library="AcceleratedDesigns_Lib" device="CRCW040234K0FKED" deviceset="CRCW040234K0FKED" value="34k"/><part name="VIN" library="AcceleratedDesigns_Lib" device="WB_BATTERY" deviceset="WB_BATTERY" value="WB_BATTERY"/><part name="IOUT" library="AcceleratedDesigns_Lib" device="WB_CURRENT_LOAD" deviceset="WB_CURRENT_LOAD" value="WB_CURRENT_LOAD"/><part name="COUT_2" library="AcceleratedDesigns_Lib" device="C0805C106K8PACTU" deviceset="C0805C106K8PACTU" value="10uF"/></parts><sheets><sheet><plain/><instances><instance part="Cb" gate="1" x="133.35" y="86.36" rot="R180" smashed="yes"><attribute name="NAME" x="133.35" y="92.456" size="2" layer="95" rot="R0" align="bottom-center"/><attribute name="VALUE" x="133.35" y="79.502" size="2" layer="96" rot="R0" align="bottom-center"/></instance><instance part="Cin" gate="1" x="44.45" y="53.34" rot="R90" smashed="yes"><attribute name="NAME" x="47.498" y="57.658" size="2" layer="95" rot="R0" align="bottom-left"/><attribute name="VALUE" x="47.498" y="53.086" size="2" layer="96" rot="R0" align="bottom-left"/></instance><instance part="Cout" gate="1" x="173.99" y="53.34" rot="R90" smashed="yes"><attribute name="NAME" x="177.038" y="57.658" size="2" layer="95" rot="R0" align="bottom-left"/><attribute name="VALUE" x="177.038" y="53.086" size="2" layer="96" rot="R0" align="bottom-left"/></instance><instance part="D1" gate="1" x="140.97" y="53.34" rot="R270" smashed="yes"><attribute name="NAME" x="143.51" y="57.15" size="2" layer="95" rot="R0" align="bottom-left"/><attribute name="VALUE" x="143.51" y="52.578" size="2" layer="96" rot="R0" align="bottom-left"/></instance><instance part="Dboost" gate="1" x="140.97" y="124.46" rot="R0" smashed="yes"><attribute name="NAME" x="140.97" y="130.048" size="2" layer="95" rot="R0" align="bottom-center"/><attribute name="VALUE" x="140.97" y="118.11" size="2" layer="96" rot="R0" align="bottom-center"/></instance><instance part="GND" gate="1" x="106.68" y="27.94" rot="R0" smashed="yes"><attribute name="NAME" x="106.68" y="33.528" size="2" layer="95" display="off" rot="R0" align="bottom-center"/></instance><instance part="GND2" gate="1" x="156.21" y="104.14" rot="R0" smashed="yes"><attribute name="NAME" x="156.21" y="109.728" size="2" layer="95" display="off" rot="R0" align="bottom-center"/></instance><instance part="L1" gate="1" x="161.29" y="86.36" rot="R0" smashed="yes"><attribute name="NAME" x="161.29" y="90.678" size="2" layer="95" rot="R0" align="bottom-center"/><attribute name="VALUE" x="161.29" y="81.28" size="2" layer="96" rot="R0" align="bottom-center"/></instance><instance part="Renable" gate="1" x="62.23" y="73.66" rot="R0" smashed="yes"><attribute name="NAME" x="62.23" y="78.232" size="2" layer="95" rot="R0" align="bottom-center"/><attribute name="VALUE" x="62.23" y="68.326" size="2" layer="96" rot="R0" align="bottom-center"/></instance><instance part="U1" gate="1" x="97.79" y="78.74" rot="R0" smashed="yes"><attribute name="NAME" x="97.79" y="78.74" size="2" layer="95" rot="R0" align="bottom-center"/><attribute name="TYPE" x="97.79" y="74.93" size="2" layer="96" rot="R0" align="bottom-center"/></instance><instance part="Vsupply" gate="1" x="156.21" y="114.3" rot="R270" smashed="yes"><attribute name="NAME" x="160.02" y="119.38" size="2" layer="95" rot="R0" align="bottom-left"/></instance><instance part="GND_12" gate="1" x="199.39" y="157.48" rot="R0" smashed="yes"><attribute name="NAME" x="199.39" y="163.068" size="2" layer="95" display="off" rot="R0" align="bottom-center"/></instance><instance part="Rfb1" gate="1" x="143.51" y="170.18" rot="R180" smashed="yes"><attribute name="NAME" x="143.51" y="174.752" size="2" layer="95" rot="R0" align="bottom-center"/><attribute name="VALUE" x="143.51" y="164.846" size="2" layer="96" rot="R0" align="bottom-center"/></instance><instance part="Rfb2" gate="1" x="143.51" y="144.78" rot="R0" smashed="yes"><attribute name="NAME" x="143.51" y="149.352" size="2" layer="95" rot="R0" align="bottom-center"/><attribute name="VALUE" x="143.51" y="139.446" size="2" layer="96" rot="R0" align="bottom-center"/></instance><instance part="Vin" gate="1" x="29.21" y="66.04" rot="R270" smashed="yes"><attribute name="NAME" x="33.02" y="71.12" size="2" layer="95" rot="R0" align="bottom-left"/></instance><instance part="Iout" gate="1" x="209.55" y="50.8" rot="R270" smashed="yes"><attribute name="NAME" x="213.614" y="56.134" size="2" layer="95" rot="R0" align="bottom-left"/></instance><instance part="Cout_2" gate="1" x="191.77" y="53.34" rot="R90" smashed="yes"><attribute name="NAME" x="194.818" y="57.658" size="2" layer="95" rot="R0" align="bottom-left"/><attribute name="VALUE" x="194.818" y="53.086" size="2" layer="96" rot="R0" align="bottom-left"/></instance></instances><busses/><nets><net name="2" class="0"><segment><pinref part="Cb" pin="1@1" gate="1"/><pinref part="Dboost" pin="K@2" gate="1"/><pinref part="U1" pin="BOOST@1" gate="1"/><wire x1="125.73" y1="86.36" x2="123.19" y2="86.36" width="0" layer="91"/><wire x1="125.73" y1="86.36" x2="125.73" y2="124.46" width="0" layer="91"/><wire x1="125.73" y1="124.46" x2="133.35" y2="124.46" width="0" layer="91"/></segment></net><net name="6" class="0"><segment><pinref part="Cb" pin="2@2" gate="1"/><pinref part="D1" pin="K@2" gate="1"/><pinref part="L1" pin="1@1" gate="1"/><pinref part="U1" pin="SW@6" gate="1"/><wire x1="140.97" y1="60.96" x2="140.97" y2="86.36" width="0" layer="91"/><wire x1="140.97" y1="86.36" x2="153.67" y2="86.36" width="0" layer="91"/><wire x1="123.19" y1="73.66" x2="140.97" y2="73.66" width="0" layer="91"/></segment></net><net name="1" class="0"><segment><pinref part="Cin" pin="1@1" gate="1"/><pinref part="Renable" pin="2@2" gate="1"/><pinref part="U1" pin="VIN@5" gate="1"/><pinref part="Vin" pin="+@1" gate="1"/><wire x1="52.07" y1="73.66" x2="54.61" y2="73.66" width="0" layer="91"/><wire x1="52.07" y1="86.36" x2="52.07" y2="73.66" width="0" layer="91"/><wire x1="44.45" y1="60.96" x2="44.45" y2="86.36" width="0" layer="91"/><wire x1="29.21" y1="86.36" x2="72.39" y2="86.36" width="0" layer="91"/><wire x1="29.21" y1="73.66" x2="29.21" y2="86.36" width="0" layer="91"/></segment></net><net name="0" class="0"><segment><pinref part="Cin" pin="2@2" gate="1"/><pinref part="Cout" pin="2@2" gate="1"/><pinref part="D1" pin="A@1" gate="1"/><pinref part="GND" pin="1@1" gate="1"/><pinref part="GND2" pin="1@1" gate="1"/><pinref part="U1" pin="GND@2" gate="1"/><pinref part="Vsupply" pin="-@2" gate="1"/><pinref part="GND_12" pin="1@1" gate="1"/><pinref part="Rfb1" pin="2@2" gate="1"/><pinref part="Vin" pin="-@2" gate="1"/><pinref part="Iout" pin="-@2" gate="1"/><pinref part="Cout_2" pin="2@2" gate="1"/><wire x1="44.45" y1="45.72" x2="44.45" y2="30.48" width="0" layer="91"/><wire x1="97.79" y1="63.5" x2="97.79" y2="30.48" width="0" layer="91"/><wire x1="140.97" y1="45.72" x2="140.97" y2="30.48" width="0" layer="91"/><wire x1="173.99" y1="30.48" x2="173.99" y2="45.72" width="0" layer="91"/><wire x1="29.21" y1="30.48" x2="209.55" y2="30.48" width="0" layer="91"/><wire x1="151.13" y1="170.18" x2="199.39" y2="170.18" width="0" layer="91"/><wire x1="199.39" y1="170.18" x2="199.39" y2="160.02" width="0" layer="91"/><wire x1="29.21" y1="30.48" x2="29.21" y2="58.42" width="0" layer="91"/><wire x1="209.55" y1="30.48" x2="209.55" y2="43.18" width="0" layer="91"/><wire x1="173.99" y1="45.72" x2="191.77" y2="45.72" width="0" layer="91"/><wire x1="156.21" y1="106.68" x2="156.21" y2="106.68" width="0" layer="91"/></segment></net><net name="5" class="0"><segment><pinref part="Cout" pin="1@1" gate="1"/><pinref part="L1" pin="2@2" gate="1"/><pinref part="Rfb2" pin="1@1" gate="1"/><pinref part="Iout" pin="+@1" gate="1"/><pinref part="Cout_2" pin="1@1" gate="1"/><wire x1="173.99" y1="60.96" x2="173.99" y2="86.36" width="0" layer="91"/><wire x1="168.91" y1="86.36" x2="209.55" y2="86.36" width="0" layer="91"/><wire x1="151.13" y1="144.78" x2="209.55" y2="144.78" width="0" layer="91"/><wire x1="209.55" y1="144.78" x2="209.55" y2="58.42" width="0" layer="91"/><wire x1="173.99" y1="60.96" x2="191.77" y2="60.96" width="0" layer="91"/></segment></net><net name="3" class="0"><segment><pinref part="Dboost" pin="A@1" gate="1"/><pinref part="Vsupply" pin="+@1" gate="1"/><wire x1="148.59" y1="124.46" x2="156.21" y2="124.46" width="0" layer="91"/><wire x1="156.21" y1="121.92" x2="156.21" y2="124.46" width="0" layer="91"/></segment></net><net name="7" class="0"><segment><pinref part="Renable" pin="1@1" gate="1"/><pinref part="U1" pin="EN@4" gate="1"/><wire x1="72.39" y1="73.66" x2="69.85" y2="73.66" width="0" layer="91"/></segment></net><net name="4" class="0"><segment><pinref part="U1" pin="FB@3" gate="1"/><pinref part="Rfb1" pin="1@1" gate="1"/><pinref part="Rfb2" pin="2@2" gate="1"/><wire x1="92.71" y1="144.78" x2="135.89" y2="144.78" width="0" layer="91"/><wire x1="118.11" y1="144.78" x2="118.11" y2="170.18" width="0" layer="91"/><wire x1="118.11" y1="170.18" x2="135.89" y2="170.18" width="0" layer="91"/><wire x1="92.71" y1="93.98" x2="92.71" y2="144.78" width="0" layer="91"/></segment></net></nets></sheet></sheets></schematic></drawing></eagle>
